session,group,name,orient,rot_k,orient_fallback,align,cc,A,B,C_raw,C_al,C_bug,dL,da,db,our_p05,cam_p05,our_p995,cam_p995,our_clip_lo,cam_clip_lo,our_clip_hi,cam_clip_hi,ar,dhash,err,path
0711,raw,DSC_5237.NEF,1,0,False,ok,0.9784,4.163,4.837,5.941,6.84,5.941,-1.451,1.523,3.592,18.0,18.0,245.0,205.0,0.018,0.015,0.58,0.059,1.5,d03838b466fbc9e0,,K:\data\photo\0711\raw\DSC_5237.NEF
0711,raw,DSC_5248.NEF,1,0,False,ok,0.9755,6.748,8.743,11.689,12.229,11.689,4.081,4.86,-2.293,14.0,4.0,174.0,187.0,0.284,9.95,0.0,0.106,1.5,f8f4f0f1c6e2e4d4,,K:\data\photo\0711\raw\DSC_5248.NEF
0711,raw,DSC_5250.NEF,1,0,False,ok,0.9784,6.748,8.837,11.434,11.889,11.434,4.086,4.744,-2.517,17.0,5.0,174.0,186.0,0.197,9.226,0.0,0.099,1.5,e8f0f4f0d4e2e1c4,,K:\data\photo\0711\raw\DSC_5250.NEF
0711,raw,DSC_5264.NEF,1,0,False,ok,0.98,2.349,3.97,6.244,7.062,6.244,-2.009,-0.878,0.842,3.0,3.0,250.0,226.0,4.125,4.018,0.647,0.135,1.5,c3c3a1a0e0e0e0c0,,K:\data\photo\0711\raw\DSC_5264.NEF
0711,raw,DSC_5271.NEF,1,0,False,ok,0.9903,2.041,3.793,5.272,5.469,5.272,-2.031,-0.069,0.184,5.0,7.0,159.0,139.0,5.384,15.677,0.059,0.282,1.5,e0e0b4cce4e8f0f0,,K:\data\photo\0711\raw\DSC_5271.NEF
0711,raw,DSC_5272.NEF,1,0,False,ok,0.9904,2.118,3.854,5.34,5.561,5.34,-2.105,-0.11,0.201,5.0,6.0,161.0,141.0,4.796,14.051,0.062,0.298,1.5,e0e0b4ece0e8f0f0,,K:\data\photo\0711\raw\DSC_5272.NEF
0711,raw,DSC_5274.NEF,1,0,False,ok,0.9928,2.571,4.176,5.584,5.747,5.584,-2.556,-0.187,0.198,7.0,7.0,158.0,150.0,2.112,13.303,0.013,0.348,1.5,e0c0506af0f0f0e8,,K:\data\photo\0711\raw\DSC_5274.NEF
0711,raw,DSC_5276.NEF,8,-1,False,ok,0.9849,1.216,5.497,7.365,7.722,46.464,-1.015,-0.393,0.544,4.0,6.0,253.0,230.0,4.83,11.404,3.745,1.321,1.5,795ff6eefafcf8f8,,K:\data\photo\0711\raw\DSC_5276.NEF
0711,raw,DSC_5300.NEF,1,0,False,ok,0.9941,3.114,4.656,5.403,5.747,5.403,-3.05,0.411,0.475,2.0,3.0,152.0,155.0,32.403,36.997,0.006,0.073,1.5,f0f0f0f0f0e4b0b0,,K:\data\photo\0711\raw\DSC_5300.NEF
0711,raw,DSC_5301.NEF,1,0,False,ok,0.994,3.108,4.648,5.402,5.752,5.402,-3.04,0.406,0.502,2.0,3.0,152.0,155.0,32.216,36.878,0.004,0.061,1.5,f0f0f0f0f0f5b0b0,,K:\data\photo\0711\raw\DSC_5301.NEF
0711,raw,DSC_5303.NEF,1,0,False,ok,0.9905,3.387,4.976,5.859,6.169,5.859,-2.786,0.723,1.786,3.0,4.0,190.0,178.0,19.487,31.838,0.023,0.105,1.5,f0f0f0f0e0e07070,,K:\data\photo\0711\raw\DSC_5303.NEF
0711,raw,DSC_5304.NEF,1,0,False,ok,0.9905,3.379,4.989,5.867,6.176,5.867,-2.787,0.746,1.759,3.0,4.0,190.0,178.0,19.577,32.247,0.023,0.104,1.5,f0f0f0f0e0e07070,,K:\data\photo\0711\raw\DSC_5304.NEF
0711,raw,DSC_5305.NEF,1,0,False,ok,0.988,3.304,5.125,6.074,6.395,6.074,-2.781,0.169,1.777,4.0,4.0,202.0,184.0,15.609,29.06,0.252,0.206,1.5,f0f0f0f0e0e0f050,,K:\data\photo\0711\raw\DSC_5305.NEF
0711,raw,DSC_5308.NEF,1,0,False,ok,0.9892,3.242,4.914,5.862,6.173,5.862,-2.693,0.099,1.803,4.0,4.0,197.0,182.0,18.083,31.208,0.158,0.17,1.5,f0f0f0f0e0f0f050,,K:\data\photo\0711\raw\DSC_5308.NEF
0711,raw,DSC_5312.NEF,8,-1,False,ok,0.9878,1.654,6.994,8.024,8.065,51.47,-1.356,0.929,0.18,19.0,20.0,253.0,255.0,0.0,0.074,15.375,8.541,1.5,fafcf6f3eebcdcfc,,K:\data\photo\0711\raw\DSC_5312.NEF
0711,raw,DSC_5315.NEF,1,0,False,ok,0.9869,1.164,6.716,8.16,8.595,8.16,-0.319,1.096,-0.228,11.0,6.0,253.0,239.0,0.041,4.741,9.476,1.207,1.5,bcb3b3bb3b38ecee,,K:\data\photo\0711\raw\DSC_5315.NEF
0711,raw,DSC_5322.NEF,6,1,False,ok,0.9564,6.502,9.66,12.731,13.799,40.018,-3.953,-4.736,2.055,8.0,11.0,253.0,223.0,0.942,0.016,3.844,1.209,1.5,106cecf058dc18c8,,K:\data\photo\0711\raw\DSC_5322.NEF
0711,raw,DSC_5331.NEF,1,0,False,ok,0.9649,3.733,8.931,12.522,13.494,12.522,-1.738,-3.291,-0.283,38.0,44.0,253.0,244.0,0.239,0.416,10.085,6.277,1.5,5848c8e2e8a8d0b0,,K:\data\photo\0711\raw\DSC_5331.NEF
0711,raw,DSC_5336.NEF,1,0,False,ok,0.971,5.763,8.227,11.227,11.968,11.227,-5.406,-1.308,-1.508,12.0,18.0,253.0,234.0,0.383,0.517,3.451,0.117,1.5,b8d879dd6cf90ce4,,K:\data\photo\0711\raw\DSC_5336.NEF
0711,raw,DSC_5339.NEF,1,0,False,ok,0.9688,6.909,9.359,12.977,13.541,12.977,-6.684,-0.078,-1.744,12.0,21.0,253.0,248.0,0.266,0.008,4.057,1.455,1.5,f878a8faf4f6e0ec,,K:\data\photo\0711\raw\DSC_5339.NEF
0711,raw,DSC_5342.NEF,8,-1,False,ok,0.9416,6.039,7.53,13.804,15.262,28.462,-5.471,-2.555,0.075,21.0,33.0,251.0,226.0,0.026,0.007,1.532,2.274,1.5,d7f2f7f7e4eef093,,K:\data\photo\0711\raw\DSC_5342.NEF
0711,raw,DSC_5345.NEF,8,-1,False,ok,0.9575,7.078,9.007,14.511,15.69,32.004,-6.329,-3.131,-0.485,14.0,19.0,249.0,219.0,0.163,0.051,2.108,1.167,1.5,ecedeffbcae8ecfc,,K:\data\photo\0711\raw\DSC_5345.NEF
0711,raw,DSC_5347.NEF,8,-1,False,ok,0.9544,8.6,9.675,13.695,14.767,29.449,-7.781,-3.491,-1.104,13.0,20.0,239.0,211.0,0.155,0.123,0.396,0.307,1.5,e6f7fbabf2caf6f6,,K:\data\photo\0711\raw\DSC_5347.NEF
0711,raw,DSC_5356.NEF,1,0,False,ok,0.9605,3.972,8.206,12.359,13.65,12.359,-2.571,-2.982,-0.522,31.0,44.0,253.0,247.0,0.001,0.0,13.243,4.352,1.5,a6a664e0e0e4f0e0,,K:\data\photo\0711\raw\DSC_5356.NEF
0711,raw,DSC_5361.NEF,1,0,False,ok,0.9615,5.204,9.122,12.672,13.405,12.672,-3.866,-1.611,-3.089,22.0,35.0,253.0,225.0,0.077,0.087,3.806,0.871,1.5,d8ba72d2e0c4e106,,K:\data\photo\0711\raw\DSC_5361.NEF
0711,raw,DSC_5366.NEF,8,-1,False,ok,0.9676,7.137,9.916,14.726,15.332,45.389,-2.014,2.347,-6.432,40.0,44.0,253.0,255.0,0.188,1.26,17.426,20.827,1.5,c888a82ccccc9ebe,,K:\data\photo\0711\raw\DSC_5366.NEF
0711,raw,DSC_5367.NEF,8,-1,False,ok,0.9661,6.856,9.72,14.477,15.112,45.885,-1.786,2.115,-6.272,41.0,45.0,253.0,255.0,0.155,1.26,18.673,21.579,1.5,8899a828cccc9ebe,,K:\data\photo\0711\raw\DSC_5367.NEF
0711,raw,DSC_5368.NEF,8,-1,False,ok,0.9698,6.878,9.838,14.406,15.032,46.292,-2.179,2.059,-6.19,39.0,44.0,253.0,255.0,0.259,1.535,18.309,21.512,1.5,889ca82cccdc9ebe,,K:\data\photo\0711\raw\DSC_5368.NEF
0711,raw,DSC_5371.NEF,1,0,False,ok,0.9684,8.477,11.746,15.507,16.099,15.507,-6.048,0.054,-5.939,15.0,20.0,252.0,244.0,0.034,0.624,4.894,4.963,1.5,3050ca9e8c8c8c8c,,K:\data\photo\0711\raw\DSC_5371.NEF
0711,raw,DSC_5375.NEF,8,-1,False,ok,0.9606,6.011,9.658,14.044,15.408,45.97,-3.772,0.416,-4.661,18.0,23.0,253.0,251.0,0.116,0.205,4.157,3.146,1.5,eb6bebcba585860e,,K:\data\photo\0711\raw\DSC_5375.NEF
0711,raw,DSC_5382.NEF,1,0,False,ok,0.9695,4.945,10.339,12.63,13.678,12.63,-3.877,-2.084,-2.254,11.0,12.0,253.0,231.0,0.458,0.202,4.042,0.113,1.5,86c6e4ace0e9d18d,,K:\data\photo\0711\raw\DSC_5382.NEF
0711,raw,DSC_5387.NEF,8,-1,False,ok,0.9824,9.865,11.984,14.345,14.799,31.973,-4.012,5.255,-7.321,6.0,7.0,203.0,185.0,1.234,3.29,0.0,0.0,1.5,ecbcbcf8f8b8e8b8,,K:\data\photo\0711\raw\DSC_5387.NEF
0711,raw,DSC_5398.NEF,8,-1,False,ok,0.9743,7.417,10.976,13.524,14.111,32.671,-3.479,2.907,-5.87,9.0,11.0,248.0,207.0,0.469,2.334,0.564,0.001,1.5,f0f0e0f2b0f490b0,,K:\data\photo\0711\raw\DSC_5398.NEF
0711,raw,DSC_5405.NEF,8,-1,False,ok,0.9666,10.131,13.392,16.507,17.354,42.601,-4.615,5.305,-7.292,21.0,27.0,253.0,236.0,0.025,0.019,6.435,0.31,1.5,dada9b99b3b3b0b2,,K:\data\photo\0711\raw\DSC_5405.NEF
0711,raw,DSC_5428.NEF,1,0,False,ok,0.9654,5.898,9.556,12.772,13.572,12.772,-5.828,0.908,-0.062,15.0,19.0,253.0,241.0,0.033,0.0,5.395,5.849,1.5,76ee634b76ba62f0,,K:\data\photo\0711\raw\DSC_5428.NEF
0711,raw,DSC_5429.NEF,1,0,False,ok,0.9667,4.4,8.916,12.564,13.4,12.564,-4.313,0.851,0.194,17.0,22.0,253.0,246.0,0.016,0.0,8.161,7.419,1.5,76ee654b763a76f0,,K:\data\photo\0711\raw\DSC_5429.NEF
0711,raw,DSC_5430.NEF,1,0,False,ok,0.9661,4.01,8.808,12.841,13.721,12.841,-3.879,1.005,-0.172,21.0,27.0,253.0,255.0,0.003,0.0,12.719,10.987,1.5,fe5ee54b563236f2,,K:\data\photo\0711\raw\DSC_5430.NEF
0711,raw,DSC_5434.NEF,1,0,False,ok,0.9576,3.398,9.152,13.424,14.47,13.424,-2.386,2.419,-0.013,24.0,28.0,253.0,251.0,0.006,0.0,13.541,13.381,1.5,7276fa67ae969ef2,,K:\data\photo\0711\raw\DSC_5434.NEF
0711,raw,DSC_5439.NEF,8,-1,False,ok,0.9705,1.717,6.738,8.714,9.0,44.364,-0.465,-0.369,1.611,28.0,28.0,253.0,241.0,0.012,0.002,13.198,0.152,1.5,e6e687d3939195b4,,K:\data\photo\0711\raw\DSC_5439.NEF
0711,raw,DSC_5443.NEF,1,0,False,ok,0.9663,3.114,7.701,10.831,11.462,10.831,-2.42,-0.911,1.734,19.0,21.0,253.0,218.0,0.037,0.015,3.938,0.0,1.5,f2f3c149d4f4d2f0,,K:\data\photo\0711\raw\DSC_5443.NEF
0711,raw,DSC_5445.NEF,8,-1,False,ok,0.9791,7.658,9.414,10.566,10.776,34.198,-7.044,-0.5,2.962,15.0,17.0,197.0,191.0,0.071,0.032,0.0,0.0,1.5,c7c7c7c39387a3a5,,K:\data\photo\0711\raw\DSC_5445.NEF
0711,raw,DSC_5470.NEF,1,0,False,ok,0.9696,5.075,9.327,11.986,12.484,11.986,-4.674,-0.716,1.841,16.0,17.0,253.0,224.0,0.051,0.429,5.257,0.0,1.5,e0e0e8ecc8f8f7f0,,K:\data\photo\0711\raw\DSC_5470.NEF
0711,raw,DSC_5482.NEF,1,0,False,ok,0.9483,3.721,8.378,11.906,12.725,11.906,2.473,-1.806,2.114,36.0,47.0,253.0,255.0,0.055,0.0,32.812,8.974,1.5,f0e8c871e5c080c0,,K:\data\photo\0711\raw\DSC_5482.NEF
0711,raw,DSC_5488.NEF,1,0,False,ok,0.9643,3.123,8.09,10.201,10.494,10.201,-2.448,-1.935,-0.119,31.0,39.0,253.0,238.0,0.0,0.012,10.436,0.009,1.5,387864a09840303c,,K:\data\photo\0711\raw\DSC_5488.NEF
0711,raw,DSC_5498.NEF,8,-1,False,ok,0.9623,2.791,6.52,8.85,9.429,36.473,0.496,-2.691,0.551,31.0,44.0,253.0,225.0,0.0,0.0,6.531,0.146,1.5,130515072d152d2d,,K:\data\photo\0711\raw\DSC_5498.NEF
0711,raw,DSC_5505.NEF,1,0,False,ok,0.9613,3.57,7.31,11.494,12.3,11.494,0.763,-3.321,1.064,24.0,24.0,253.0,246.0,0.01,0.0,16.06,3.299,1.5,988c084ce0901408,,K:\data\photo\0711\raw\DSC_5505.NEF
0711,raw,DSC_5506.NEF,1,0,False,ok,0.9616,3.485,7.257,11.39,12.157,11.39,0.834,-3.216,1.054,25.0,25.0,253.0,246.0,0.008,0.0,15.712,2.972,1.5,988c0870d0980008,,K:\data\photo\0711\raw\DSC_5506.NEF
0711,raw,DSC_5509.NEF,1,0,False,ok,0.9828,6.011,11.568,14.414,14.991,14.414,2.765,-2.243,4.844,25.0,26.0,253.0,244.0,0.059,0.0,44.087,15.248,1.5,6c4c707068686870,,K:\data\photo\0711\raw\DSC_5509.NEF
0711,raw,DSC_5510.NEF,1,0,False,ok,0.9829,6.223,11.451,14.338,14.883,14.338,2.851,-2.376,4.995,23.0,24.0,253.0,243.0,0.042,0.0,43.969,14.114,1.5,ecccf07068e86870,,K:\data\photo\0711\raw\DSC_5510.NEF
0711,raw,DSC_5515.NEF,1,0,False,ok,0.9679,6.935,11.242,12.771,13.135,12.771,2.65,-4.137,4.894,25.0,33.0,248.0,224.0,0.002,0.0,40.478,0.356,1.5,dce2c8ecc8e8f0f0,,K:\data\photo\0711\raw\DSC_5515.NEF
0711,raw,DSC_5522.NEF,1,0,False,ok,0.9802,7.121,11.579,13.707,14.176,13.707,3.19,-3.577,5.267,26.0,34.0,252.0,231.0,0.063,0.001,47.354,6.129,1.5,d8dce0d8d8d8f8f8,,K:\data\photo\0711\raw\DSC_5522.NEF
0711,raw,DSC_5524.NEF,1,0,False,ok,0.915,10.704,12.233,12.769,12.571,12.769,8.212,0.225,6.861,61.0,72.0,253.0,242.0,0.0,0.0,72.33,0.192,1.5,c8c8e8ecc8d8f0f0,,K:\data\photo\0711\raw\DSC_5524.NEF
0711,raw,DSC_5530.NEF,1,0,False,ok,0.9377,5.569,7.338,7.851,8.469,7.851,-2.798,2.344,4.206,18.0,19.0,236.0,201.0,0.088,0.03,0.206,0.0,1.5,e8f0f1f2d2c4e0f0,,K:\data\photo\0711\raw\DSC_5530.NEF
0711,raw,DSC_5531.NEF,1,0,False,ok,0.9345,5.398,7.303,7.796,8.409,7.796,-2.539,2.395,4.118,18.0,19.0,241.0,202.0,0.076,0.039,0.292,0.0,1.5,f0f1e1d2f2c4e0e0,,K:\data\photo\0711\raw\DSC_5531.NEF
0711,raw,DSC_5532.NEF,8,-1,False,ok,0.9561,3.473,7.639,9.542,10.359,30.393,-2.328,0.279,2.561,11.0,15.0,247.0,209.0,0.188,0.02,4.738,0.013,1.5,f8b0e0e0b0f8dcf8,,K:\data\photo\0711\raw\DSC_5532.NEF
0711,raw,DSC_5533.NEF,8,-1,False,ok,0.9572,3.489,7.75,9.587,10.398,29.926,-2.314,0.249,2.599,11.0,15.0,248.0,210.0,0.174,0.019,5.134,0.012,1.5,f8f8e0a0b0b8fcec,,K:\data\photo\0711\raw\DSC_5533.NEF
0711,raw,DSC_5534.NEF,8,-1,False,ok,0.9513,3.77,7.131,8.641,9.584,27.049,-2.147,0.845,2.981,16.0,17.0,242.0,205.0,0.03,0.001,1.895,0.009,1.5,f8f8f890d8d4c4f0,,K:\data\photo\0711\raw\DSC_5534.NEF
0711,raw,DSC_5551.NEF,1,0,False,ok,0.9631,3.962,8.352,10.275,10.84,10.275,-3.301,-1.173,1.851,13.0,15.0,221.0,199.0,0.083,0.038,1.909,0.0,1.5,68e0c8aae2f0e0e0,,K:\data\photo\0711\raw\DSC_5551.NEF
0711,raw,DSC_5560.NEF,1,0,False,ok,0.9595,2.725,7.934,10.424,10.884,10.424,-0.01,-1.597,2.208,24.0,31.0,240.0,210.0,0.0,0.003,11.068,0.002,1.5,6dccf0a1ecc0e0e0,,K:\data\photo\0711\raw\DSC_5560.NEF
0711,raw,DSC_5568.NEF,1,0,False,ok,0.967,4.696,8.406,10.078,10.486,10.078,-4.42,-0.588,1.473,11.0,14.0,214.0,198.0,0.143,0.084,0.04,0.0,1.5,e08cb262a2e0e0e0,,K:\data\photo\0711\raw\DSC_5568.NEF
0711,raw,DSC_5570.NEF,1,0,False,ok,0.9582,9.194,14.195,16.594,17.282,16.594,4.932,2.317,7.406,46.0,61.0,253.0,248.0,0.04,0.0,79.936,59.856,1.5,d4f0e8e8cce0f0f0,,K:\data\photo\0711\raw\DSC_5570.NEF
0711,raw,DSC_5584.NEF,1,0,False,ok,0.9675,4.841,9.443,12.224,12.844,12.224,3.39,-2.682,2.178,27.0,35.0,252.0,244.0,0.561,0.004,35.987,1.231,1.5,68e4ccdcd8ccc6c4,,K:\data\photo\0711\raw\DSC_5584.NEF
0711,raw,DSC_5585.NEF,1,0,False,ok,0.9685,4.932,9.483,12.274,12.872,12.274,3.404,-2.73,2.3,28.0,37.0,252.0,242.0,0.493,0.003,36.932,1.181,1.5,28e4ccccd8c2c2c6,,K:\data\photo\0711\raw\DSC_5585.NEF
0711,raw,DSC_5586.NEF,1,0,False,ok,0.9651,3.753,8.616,11.326,11.951,11.326,2.145,-2.633,1.597,25.0,33.0,252.0,231.0,0.384,0.013,26.048,0.404,1.5,28e4ccccd8c6c6c2,,K:\data\photo\0711\raw\DSC_5586.NEF
0711,raw,DSC_5591.NEF,1,0,False,ok,0.956,3.306,7.719,10.309,10.863,10.309,-0.815,-2.374,2.152,18.0,20.0,253.0,222.0,3.26,0.669,9.263,0.021,1.5,cccaccce7433469a,,K:\data\photo\0711\raw\DSC_5591.NEF
0711,raw,DSC_5594.NEF,1,0,False,ok,0.9566,3.885,8.273,11.006,11.68,11.006,-0.24,-3.11,2.315,22.0,24.0,252.0,222.0,4.327,0.967,14.179,0.038,1.5,d459cc8c6ca28e0e,,K:\data\photo\0711\raw\DSC_5594.NEF
0711,raw,DSC_5597.NEF,1,0,False,ok,0.9555,3.975,9.846,12.443,13.339,12.443,-2.949,-2.648,-0.313,16.0,17.0,248.0,208.0,7.532,4.262,3.057,0.006,1.5,34b4c4e6e4c9e33e,,K:\data\photo\0711\raw\DSC_5597.NEF
0711,raw,DSC_5601.NEF,1,0,False,ok,0.9535,3.189,10.111,12.621,13.737,12.621,-1.939,-2.314,-1.027,15.0,18.0,244.0,207.0,6.758,3.839,5.976,0.049,1.5,e88898ccc8d8b1c6,,K:\data\photo\0711\raw\DSC_5601.NEF
0711,raw,DSC_5602.NEF,1,0,False,ok,0.9528,3.081,10.134,12.735,13.935,12.735,-1.747,-2.317,-1.035,15.0,19.0,245.0,207.0,6.908,3.852,6.478,0.057,1.5,e898984cc8d891c6,,K:\data\photo\0711\raw\DSC_5602.NEF
0711,raw,DSC_5608.NEF,1,0,False,ok,0.964,4.231,10.989,13.132,13.948,13.132,-2.342,-2.962,1.909,13.0,14.0,243.0,204.0,14.642,4.236,4.571,0.009,1.5,f1ecccec58d02003,,K:\data\photo\0711\raw\DSC_5608.NEF
0711,raw,DSC_5612.NEF,1,0,False,ok,0.9678,4.887,8.905,11.229,11.934,11.229,2.205,-3.74,2.243,11.0,12.0,252.0,226.0,6.695,0.322,25.319,0.037,1.5,f1f0f5b194c7c1c3,,K:\data\photo\0711\raw\DSC_5612.NEF
0711,raw,DSC_5614.NEF,1,0,False,ok,0.9673,3.085,7.292,9.531,10.163,9.531,-2.061,-1.617,1.629,6.0,7.0,235.0,200.0,6.688,1.576,2.222,0.008,1.5,b9f0f5b5d4cec1e1,,K:\data\photo\0711\raw\DSC_5614.NEF
0711,raw,DSC_5617.NEF,1,0,False,ok,0.9655,1.389,7.376,10.039,10.755,10.039,-1.249,-0.607,0.007,13.0,14.0,250.0,216.0,0.118,0.068,4.235,0.033,1.5,50b09cb591f1c1d3,,K:\data\photo\0711\raw\DSC_5617.NEF
0711,raw,DSC_5620.NEF,1,0,False,ok,0.9697,4.472,7.674,10.467,11.207,10.467,-4.111,-0.675,1.626,11.0,14.0,234.0,203.0,0.1,0.026,0.147,0.0,1.5,d0e26049c8d0e0e0,,K:\data\photo\0711\raw\DSC_5620.NEF
0711,raw,DSC_5626.NEF,1,0,False,ok,0.9784,5.398,10.561,12.182,12.527,12.182,-3.41,-4.184,0.043,18.0,21.0,253.0,241.0,0.002,0.268,4.83,0.058,1.5,d8da96dc8686c290,,K:\data\photo\0711\raw\DSC_5626.NEF
0711,raw,DSC_5631.NEF,1,0,False,ok,0.9762,3.868,10.698,12.555,12.904,12.555,0.42,-2.824,2.608,33.0,39.0,253.0,255.0,0.0,0.0,32.686,3.393,1.5,e8e8a4ecc8c6d090,,K:\data\photo\0711\raw\DSC_5631.NEF
0711,raw,DSC_5642.NEF,8,-1,False,ok,0.9792,7.036,8.085,9.219,10.335,25.21,-6.142,0.248,3.423,11.0,13.0,164.0,163.0,0.463,0.581,0.0,0.0,1.5,f0f0e8cbcbeaf0f0,,K:\data\photo\0711\raw\DSC_5642.NEF
0711,raw,DSC_5647.NEF,8,-1,False,ok,0.9591,4.757,7.475,9.061,9.853,33.468,-4.221,0.049,2.194,11.0,12.0,214.0,190.0,0.315,0.319,0.076,0.0,1.5,c1c3b294a4d8d0e0,,K:\data\photo\0711\raw\DSC_5647.NEF
0711,raw,DSC_5648.NEF,8,-1,False,ok,0.9541,2.984,7.229,8.942,9.886,34.549,-2.215,-0.284,1.979,13.0,14.0,236.0,200.0,0.279,0.395,2.921,0.0,1.5,c3c3b2d4a4e8d8e0,,K:\data\photo\0711\raw\DSC_5648.NEF
0711,raw,DSC_5660.NEF,1,0,False,ok,0.9688,2.337,9.003,11.153,11.731,11.153,1.537,-0.872,1.53,23.0,28.0,253.0,233.0,0.005,0.003,19.296,0.03,1.5,80d0c2e4e4c5e6ec,,K:\data\photo\0711\raw\DSC_5660.NEF
0711,raw,DSC_5663.NEF,1,0,False,ok,0.9692,0.726,7.371,9.751,10.362,9.751,0.186,-0.396,0.579,19.0,21.0,253.0,224.0,0.061,0.054,5.938,0.047,1.5,981066c2c1c1c2e6,,K:\data\photo\0711\raw\DSC_5663.NEF
0711,raw,DSC_5680.NEF,1,0,False,ok,0.9634,6.09,9.757,12.665,13.16,12.665,4.212,2.474,3.636,42.0,53.0,253.0,255.0,0.0,0.0,54.847,13.811,1.5,5894f4e4e4f4f0f0,,K:\data\photo\0711\raw\DSC_5680.NEF
0711,raw,DSC_5681.NEF,1,0,False,ok,0.9605,5.891,9.425,12.267,12.758,12.267,3.934,2.48,3.616,46.0,57.0,253.0,255.0,0.0,0.0,58.373,21.753,1.5,5894b4e4e4c4f4f0,,K:\data\photo\0711\raw\DSC_5681.NEF
0711,raw,DSC_5694.NEF,1,0,False,ok,0.9648,4.657,9.719,12.251,12.736,12.251,3.076,-2.576,2.366,25.0,32.0,252.0,232.0,0.013,0.005,34.352,0.25,1.5,a8e8ea98c8d8c8f0,,K:\data\photo\0711\raw\DSC_5694.NEF
0711,raw,DSC_5701.NEF,1,0,False,ok,0.958,4.507,9.456,11.301,11.744,11.301,3.077,-2.563,2.068,24.0,31.0,251.0,223.0,0.036,0.029,31.565,0.043,1.5,e8e2e8e8cce8e0f0,,K:\data\photo\0711\raw\DSC_5701.NEF
0711,raw,DSC_5710.NEF,1,0,False,ok,0.9503,2.746,7.175,8.695,9.348,8.695,0.488,1.264,2.389,11.0,13.0,253.0,220.0,0.46,0.388,2.562,0.0,1.5,f8ecece8c4e4e0e1,,K:\data\photo\0711\raw\DSC_5710.NEF
0711,raw,DSC_5713.NEF,1,0,False,ok,0.9559,2.332,7.136,8.966,9.469,8.966,0.415,0.41,2.258,12.0,13.0,253.0,226.0,0.183,0.149,6.105,0.001,1.5,f8e8ececd0d2e4c1,,K:\data\photo\0711\raw\DSC_5713.NEF
0711,raw,DSC_5714.NEF,1,0,False,ok,0.9547,2.406,7.159,9.019,9.526,9.019,0.381,0.309,2.355,12.0,13.0,253.0,227.0,0.302,0.319,6.291,0.0,1.5,f8f8ececc8b2e2e5,,K:\data\photo\0711\raw\DSC_5714.NEF
0711,raw,DSC_5715.NEF,1,0,False,ok,0.9536,2.568,7.267,9.071,9.588,9.071,0.74,0.288,2.442,12.0,13.0,253.0,228.0,0.393,0.393,8.387,0.003,1.5,f8f8ececc8b2c2e1,,K:\data\photo\0711\raw\DSC_5715.NEF
0711,raw,DSC_5717.NEF,1,0,False,ok,0.9583,3.126,7.619,9.29,9.661,9.29,1.689,-0.178,2.624,14.0,15.0,253.0,234.0,0.313,0.234,15.191,0.119,1.5,f8e8ececcc84b19e,,K:\data\photo\0711\raw\DSC_5717.NEF
0711,raw,DSC_5718.NEF,1,0,False,ok,0.964,2.256,8.047,9.589,9.812,9.589,-0.685,-0.877,1.962,23.0,29.0,253.0,228.0,0.214,0.507,13.505,0.0,1.5,e4c48e86e42460f8,,K:\data\photo\0711\raw\DSC_5718.NEF
0711,raw,DSC_5719.NEF,1,0,False,ok,0.9664,2.255,8.108,9.639,9.81,9.639,-0.345,-0.722,2.109,25.0,31.0,253.0,230.0,0.122,0.361,16.592,0.0,1.5,ecce8e8c2c6471f8,,K:\data\photo\0711\raw\DSC_5719.NEF
0711,raw,DSC_5722.NEF,1,0,False,ok,0.9518,2.418,8.008,9.537,9.713,9.537,-1.475,0.371,1.88,26.0,31.0,253.0,223.0,0.511,0.991,8.557,0.0,1.5,e8cccece4c486872,,K:\data\photo\0711\raw\DSC_5722.NEF
0711,raw,DSC_5729.NEF,8,-1,False,ok,0.9555,3.944,7.122,8.978,10.294,24.256,-2.7,0.796,2.762,22.0,30.0,244.0,205.0,0.066,0.148,1.04,0.0,1.5,f0f0f4d4c6e8f8f0,,K:\data\photo\0711\raw\DSC_5729.NEF
0711,raw,DSC_5734.NEF,8,-1,False,ok,0.9483,2.215,7.175,9.491,10.435,29.257,-0.752,0.246,2.069,30.0,39.0,253.0,224.0,0.039,0.056,7.596,0.004,1.5,f9e8e9f7f0d8c8f0,,K:\data\photo\0711\raw\DSC_5734.NEF
0711,raw,DSC_5735.NEF,8,-1,False,ok,0.9477,2.417,7.092,9.409,10.309,28.895,-1.056,0.258,2.158,30.0,38.0,253.0,223.0,0.024,0.027,6.806,0.004,1.5,f9f8e9f5d6d0c8d8,,K:\data\photo\0711\raw\DSC_5735.NEF
0711,raw,DSC_5752.NEF,1,0,False,ok,0.9145,3.834,7.6,8.448,8.817,8.448,3.344,0.737,1.725,27.0,28.0,252.0,222.0,0.034,0.066,15.496,0.0,1.5,b8ac9cccc8f8f8f0,,K:\data\photo\0711\raw\DSC_5752.NEF
0711,raw,DSC_5758.NEF,6,1,False,ok,0.9243,2.589,7.143,8.57,9.445,20.388,0.667,1.886,1.643,33.0,38.0,253.0,223.0,0.019,0.031,7.589,0.006,1.5,e0a8a8a8d8d0e0e0,,K:\data\photo\0711\raw\DSC_5758.NEF
0711,raw,DSC_5770.NEF,8,-1,False,ok,0.9524,4.569,7.175,8.458,9.238,23.56,-3.299,1.595,2.729,23.0,30.0,246.0,205.0,0.101,0.306,1.01,0.0,1.5,f0e8f4d6ccf8f8f8,,K:\data\photo\0711\raw\DSC_5770.NEF
0711,raw,DSC_5772.NEF,8,-1,False,ok,0.9521,3.472,7.035,8.47,9.654,21.763,-1.813,1.353,2.634,24.0,31.0,252.0,215.0,0.161,0.212,1.558,0.0,1.5,f0f8d4eae2e2f8f8,,K:\data\photo\0711\raw\DSC_5772.NEF
0711,raw,DSC_5785.NEF,8,-1,False,ok,0.9759,3.852,9.058,11.304,11.651,42.332,-3.655,0.341,-1.167,12.0,12.0,253.0,240.0,0.508,5.111,9.583,10.778,1.5,040006878f8ece8e,,K:\data\photo\0711\raw\DSC_5785.NEF
0711,raw,DSC_5786.NEF,8,-1,False,ok,0.9747,3.892,9.108,11.223,11.53,41.935,-3.724,0.181,-1.118,10.0,11.0,253.0,239.0,0.814,5.586,8.289,8.275,1.5,040484828d8fc78f,,K:\data\photo\0711\raw\DSC_5786.NEF
0711,raw,DSC_5787.NEF,8,-1,False,ok,0.9796,2.318,5.619,7.773,8.005,39.009,-1.952,-1.231,-0.225,4.0,5.0,235.0,206.0,6.748,18.052,0.589,0.043,1.5,1000858489cfcf8e,,K:\data\photo\0711\raw\DSC_5787.NEF
0711,raw,DSC_5789.NEF,8,-1,False,ok,0.9788,2.073,5.956,9.855,10.656,37.592,-0.972,0.766,-1.662,7.0,7.0,253.0,239.0,2.907,19.608,5.659,4.459,1.5,c0c0809098981e8f,,K:\data\photo\0711\raw\DSC_5789.NEF
0711,raw,DSC_5790.NEF,6,1,False,ok,0.9895,0.701,5.507,7.077,7.55,50.752,-0.475,-0.418,0.3,3.0,4.0,223.0,197.0,4.714,11.269,0.0,0.0,1.5,00000020e0e06060,,K:\data\photo\0711\raw\DSC_5790.NEF
0711,raw,DSC_5791.NEF,6,1,False,ok,0.99,1.028,5.225,6.791,7.292,51.932,-0.791,-0.522,0.397,2.0,4.0,218.0,195.0,5.825,12.741,0.0,0.0,1.5,1000002020a06060,,K:\data\photo\0711\raw\DSC_5791.NEF
0711,raw,DSC_5798.NEF,8,-1,False,ok,0.9818,1.87,9.245,10.389,10.518,54.916,1.322,-1.297,0.256,12.0,11.0,253.0,236.0,0.132,3.324,13.217,0.017,1.5,bcb8f8b93f787c7c,,K:\data\photo\0711\raw\DSC_5798.NEF
0711,raw,DSC_5800.NEF,8,-1,False,ok,0.9819,1.971,9.272,10.422,10.557,54.856,1.503,-1.234,0.318,12.0,11.0,253.0,236.0,0.126,3.255,13.913,0.016,1.5,bcb8f8b93f787c7c,,K:\data\photo\0711\raw\DSC_5800.NEF
0711,raw,DSC_5801.NEF,8,-1,False,ok,0.9824,2.418,9.403,10.589,10.696,55.639,2.025,-1.3,0.234,13.0,12.0,253.0,245.0,0.064,2.463,24.829,0.098,1.5,b8b8f8b83f787878,,K:\data\photo\0711\raw\DSC_5801.NEF
0711,raw,DSC_5804.NEF,8,-1,False,ok,0.9867,3.117,9.303,10.386,10.502,53.521,3.058,-0.341,0.497,12.0,12.0,253.0,247.0,0.143,3.121,27.885,0.18,1.5,fcf8f8733d78f8fc,,K:\data\photo\0711\raw\DSC_5804.NEF
0711,raw,DSC_5805.NEF,8,-1,False,ok,0.9865,3.053,9.278,10.383,10.492,53.313,2.998,-0.349,0.459,12.0,12.0,253.0,247.0,0.118,2.996,28.089,0.259,1.5,fcf8f8733d78f8fc,,K:\data\photo\0711\raw\DSC_5805.NEF
0711,raw,DSC_5810.NEF,8,-1,False,ok,0.981,3.281,8.102,9.778,10.064,55.316,-2.587,-1.472,-1.379,5.0,7.0,253.0,234.0,2.87,8.481,3.846,0.016,1.5,bcd8983f3c7ebedf,,K:\data\photo\0711\raw\DSC_5810.NEF
0711,raw,DSC_5812.NEF,6,1,False,ok,0.9826,2.223,8.486,9.921,10.121,53.195,1.964,-0.96,0.406,6.0,6.0,253.0,247.0,1.646,5.014,24.8,0.081,1.5,e0e0e1f1e22222e0,,K:\data\photo\0711\raw\DSC_5812.NEF
0711,raw,DSC_5814.NEF,6,1,False,ok,0.9821,1.914,8.416,9.894,10.025,53.142,1.455,-1.243,0.041,8.0,8.0,253.0,251.0,0.592,2.766,27.209,1.409,1.5,e1e1e1e2a262e0e0,,K:\data\photo\0711\raw\DSC_5814.NEF
0711,raw,DSC_5818.NEF,1,0,False,ok,0.9893,5.821,9.803,12.093,12.674,12.093,-4.368,1.077,-3.694,13.0,18.0,253.0,251.0,0.065,0.018,11.985,6.809,1.5,8e9eaedce8f0f0f0,,K:\data\photo\0711\raw\DSC_5818.NEF
0711,raw,DSC_5828.NEF,1,0,False,ok,0.9864,3.698,8.033,10.623,11.346,10.623,-2.252,0.266,-2.921,13.0,16.0,253.0,241.0,0.106,0.333,7.167,0.495,1.5,8e9eaec8f8ecf4f8,,K:\data\photo\0711\raw\DSC_5828.NEF
0711,raw,DSC_5832.NEF,1,0,False,ok,0.9846,2.875,6.212,7.859,8.35,7.859,-2.195,-0.34,-1.826,8.0,10.0,229.0,203.0,0.527,2.124,0.023,0.0,1.5,8e9692d0f0f0f8f8,,K:\data\photo\0711\raw\DSC_5832.NEF
0711,raw,DSC_5837.NEF,1,0,False,ok,0.9955,9.643,10.563,12.353,12.822,12.353,9.565,0.029,1.223,15.0,4.0,253.0,252.0,0.072,42.652,21.2,21.25,1.5,c48f8b86d4f4f0b8,,K:\data\photo\0711\raw\DSC_5837.NEF
0711,raw,DSC_5861.NEF,1,0,False,ok,0.996,5.525,6.609,7.065,7.304,7.065,-5.476,-0.615,-0.407,5.0,6.0,122.0,138.0,5.11,17.504,0.0,0.0,1.5,f0e0e8d8d8d0e4e0,,K:\data\photo\0711\raw\DSC_5861.NEF
0711,raw,DSC_5868.NEF,8,-1,False,ok,0.9934,4.49,8.938,9.913,9.938,68.214,0.613,2.149,-3.895,19.0,18.0,253.0,254.0,0.005,2.067,32.786,2.599,1.5,fcf979383ff8fcfc,,K:\data\photo\0711\raw\DSC_5868.NEF
0711,raw,DSC_5871.NEF,8,-1,False,ok,0.993,5.519,8.535,9.476,9.549,66.93,-1.275,2.592,-4.703,24.0,24.0,253.0,255.0,0.001,0.611,31.958,20.379,1.5,fcf8783c3ff8fcfc,,K:\data\photo\0711\raw\DSC_5871.NEF
0711,raw,DSC_5875.NEF,1,0,False,ok,0.9845,4.633,7.33,8.029,8.448,8.029,-4.375,-0.953,-1.189,10.0,10.0,191.0,182.0,0.952,8.487,0.0,0.0,1.5,d0e8e8e8e8e8e0e0,,K:\data\photo\0711\raw\DSC_5875.NEF
0711,raw,DSC_5876.NEF,1,0,False,ok,0.9889,4.457,6.675,7.332,7.762,7.332,-4.281,-0.832,-0.918,5.0,6.0,173.0,170.0,3.308,17.066,0.0,0.0,1.5,d0c8c8c8c8e8e0c0,,K:\data\photo\0711\raw\DSC_5876.NEF
0711,raw,DSC_5879.NEF,1,0,False,ok,0.994,5.45,6.783,7.436,7.774,7.436,-5.354,-0.705,-0.737,3.0,4.0,137.0,151.0,10.132,24.361,0.0,0.0,1.5,d0d8d8d8d8c0e0d0,,K:\data\photo\0711\raw\DSC_5879.NEF
0711,raw,DSC_5880.NEF,1,0,False,ok,0.9943,5.384,6.679,7.332,7.661,7.332,-5.291,-0.712,-0.697,2.0,4.0,135.0,149.0,10.798,25.08,0.0,0.0,1.5,d0d8d8d8d8c0e0d0,,K:\data\photo\0711\raw\DSC_5880.NEF
0711,raw,DSC_5884.NEF,6,1,False,ok,0.9922,2.97,4.109,5.004,5.21,45.859,-2.209,-1.8,0.835,2.0,3.0,221.0,201.0,16.41,28.162,0.057,0.0,1.5,8081e3c3e3e3e1e0,,K:\data\photo\0711\raw\DSC_5884.NEF
0711,raw,DSC_5887.NEF,1,0,False,ok,0.9933,1.864,3.576,4.842,5.247,4.842,-1.383,-1.243,0.13,4.0,4.0,208.0,195.0,9.651,30.295,0.001,0.0,1.5,c0c080c0f0b096f0,,K:\data\photo\0711\raw\DSC_5887.NEF
0711,raw,DSC_5889.NEF,1,0,False,ok,0.9929,3.39,4.106,4.865,5.074,4.865,-2.834,-1.689,0.78,3.0,4.0,185.0,178.0,17.09,29.098,0.0,0.0,1.5,e0f0f0e0f0fc60a0,,K:\data\photo\0711\raw\DSC_5889.NEF
0711,raw,DSC_5890.NEF,1,0,False,ok,0.9932,3.269,3.983,4.756,4.96,4.756,-2.736,-1.639,0.718,3.0,4.0,184.0,177.0,18.512,30.97,0.0,0.0,1.5,f0f0f0e8f0fc60a0,,K:\data\photo\0711\raw\DSC_5890.NEF
0711,raw,DSC_5894.NEF,1,0,False,ok,0.9956,2.613,3.562,4.42,4.58,4.42,-2.288,-1.15,0.518,3.0,3.0,166.0,169.0,22.853,38.658,0.0,0.0,1.5,f0f0f0e0f8e8eaa8,,K:\data\photo\0711\raw\DSC_5894.NEF
0711,raw,DSC_5896.NEF,1,0,False,ok,0.9955,2.61,3.501,4.398,4.554,4.398,-2.238,-1.236,0.526,3.0,3.0,167.0,169.0,22.752,38.704,0.0,0.0,1.5,e0f0f0e0f8e8eaa9,,K:\data\photo\0711\raw\DSC_5896.NEF
0711,raw,DSC_5897.NEF,1,0,False,ok,0.9953,2.572,3.512,4.419,4.574,4.419,-2.217,-1.211,0.483,3.0,3.0,170.0,170.0,21.185,38.119,0.0,0.0,1.5,e0f0f0e0f8f8eaa8,,K:\data\photo\0711\raw\DSC_5897.NEF
0711,raw,DSC_5910.NEF,1,0,False,ok,0.9857,2.288,8.341,10.75,10.986,10.75,-1.202,0.824,-1.764,15.0,18.0,253.0,241.0,0.046,0.064,19.397,0.014,1.5,e0cacbe2cae2f2f0,,K:\data\photo\0711\raw\DSC_5910.NEF
0711,raw,DSC_5914.NEF,1,0,False,ok,0.9862,2.481,7.477,10.248,10.487,10.248,-1.17,0.785,-2.042,18.0,23.0,253.0,252.0,0.024,0.008,19.224,7.611,1.5,e8cba1e2eae2f0f0,,K:\data\photo\0711\raw\DSC_5914.NEF
0711,raw,DSC_5915.NEF,1,0,False,ok,0.9858,2.465,7.541,10.306,10.598,10.306,-1.262,0.754,-1.979,18.0,23.0,253.0,251.0,0.026,0.01,19.11,6.624,1.5,e8c9a1ebc8f0f0f0,,K:\data\photo\0711\raw\DSC_5915.NEF
0711,raw,DSC_5920.NEF,1,0,False,ok,0.9854,1.558,8.233,10.523,10.774,10.523,-0.683,0.653,-1.238,17.0,19.0,253.0,244.0,0.018,0.028,21.831,0.163,1.5,f0e881e2caf2f0f0,,K:\data\photo\0711\raw\DSC_5920.NEF
0711,raw,DSC_5926.NEF,1,0,False,ok,0.9858,4.95,7.964,8.991,9.42,8.991,-4.048,-0.974,-2.677,8.0,8.0,191.0,184.0,1.223,11.019,0.0,0.0,1.5,d0e060f4f8e8fce0,,K:\data\photo\0711\raw\DSC_5926.NEF
0711,raw,DSC_5936.NEF,1,0,False,ok,0.9812,4.717,12.047,14.163,14.73,14.163,-3.052,0.697,-3.527,23.0,29.0,253.0,233.0,0.01,0.006,17.937,0.018,1.5,f0e0e8f0f0f0f0f0,,K:\data\photo\0711\raw\DSC_5936.NEF
0711,raw,DSC_5937.NEF,1,0,False,ok,0.9829,4.629,12.088,13.953,14.462,13.953,-2.858,0.815,-3.549,23.0,29.0,253.0,235.0,0.003,0.005,18.364,0.089,1.5,f0e0e0f0f0f0f0f0,,K:\data\photo\0711\raw\DSC_5937.NEF
0711,raw,DSC_5939.NEF,1,0,False,ok,0.9834,5.388,11.479,13.541,13.994,13.541,-3.33,0.896,-4.14,24.0,30.0,253.0,237.0,0.001,0.002,15.315,1.171,1.5,f0e0f1f8f8f8f8d8,,K:\data\photo\0711\raw\DSC_5939.NEF
0711,raw,DSC_5942.NEF,1,0,False,ok,0.9775,8.432,13.052,15.056,15.534,15.056,-5.839,1.554,-5.882,21.0,29.0,253.0,232.0,0.003,0.016,9.037,0.024,1.5,e0f0f1e0e0e0a8f8,,K:\data\photo\0711\raw\DSC_5942.NEF
0711,raw,DSC_5957.NEF,8,-1,False,ok,0.9842,3.48,7.886,11.068,11.568,42.103,-3.033,-0.558,-1.614,27.0,25.0,253.0,255.0,0.001,0.037,16.863,14.063,1.5,a6aebeadabb7c7c7,,K:\data\photo\0711\raw\DSC_5957.NEF
0711,raw,DSC_5964.NEF,1,0,False,ok,0.9755,5.413,7.845,11.439,12.027,11.439,-4.847,-0.68,-2.312,9.0,10.0,253.0,243.0,0.376,0.537,5.702,2.248,1.5,a8a0c1d2a26002e0,,K:\data\photo\0711\raw\DSC_5964.NEF
0711,raw,DSC_5966.NEF,1,0,False,ok,0.977,4.655,7.143,11.326,11.953,11.326,-3.766,-0.837,-2.605,10.0,14.0,253.0,254.0,0.236,0.256,6.418,5.332,1.5,a8a0c0d6a26492e0,,K:\data\photo\0711\raw\DSC_5966.NEF
0711,raw,DSC_5971.NEF,1,0,False,ok,0.9744,4.605,7.136,11.332,12.116,11.332,-3.802,-1.024,-2.388,10.0,13.0,253.0,253.0,0.313,0.252,5.472,4.699,1.5,a8a1e0e2a06482e0,,K:\data\photo\0711\raw\DSC_5971.NEF
0711,raw,DSC_5979.NEF,8,-1,False,ok,0.9689,7.829,9.794,12.442,13.446,31.445,-6.801,-0.793,-3.797,12.0,15.0,250.0,224.0,0.189,0.477,0.793,0.002,1.5,ed4de5f5cae4f5d7,,K:\data\photo\0711\raw\DSC_5979.NEF
0711,raw,DSC_5982.NEF,8,-1,False,ok,0.9673,8.154,10.254,12.372,13.416,32.729,-7.016,-0.219,-4.149,11.0,15.0,249.0,224.0,0.237,0.402,0.761,0.0,1.5,cd4ce7f6d6dccdd7,,K:\data\photo\0711\raw\DSC_5982.NEF
0711,raw,DSC_5989.NEF,8,-1,False,ok,0.9645,8.209,10.239,12.577,13.442,30.385,-7.119,-0.807,-4.005,16.0,21.0,249.0,226.0,0.053,0.143,0.923,0.002,1.5,65a563a9eda2f7e9,,K:\data\photo\0711\raw\DSC_5989.NEF
0711,raw,DSC_5993.NEF,8,-1,False,ok,0.9678,5.719,8.486,11.167,12.189,30.175,-4.333,-1.217,-3.528,21.0,24.0,253.0,234.0,0.02,0.045,2.994,0.381,1.5,74a5e3e9e5a0f3b3,,K:\data\photo\0711\raw\DSC_5993.NEF
0711,raw,DSC_5998.NEF,8,-1,False,ok,0.98,4.471,5.398,7.513,7.844,21.972,-3.191,-2.859,-1.276,13.0,14.0,197.0,183.0,0.076,0.997,0.0,0.0,1.5,933260aa68e96c74,,K:\data\photo\0711\raw\DSC_5998.NEF
0711,raw,DSC_5999.NEF,8,-1,False,ok,0.9891,2.359,2.878,4.748,4.929,14.749,-0.747,-1.911,-1.164,4.0,5.0,125.0,135.0,3.085,6.182,0.0,0.0,1.5,127068c8e8687c74,,K:\data\photo\0711\raw\DSC_5999.NEF
2026春节,2026春节,DSC_0357.NEF,8,-1,False,ok,0.9843,2.076,6.89,11.997,14.663,40.797,1.704,-0.577,1.036,21.0,9.0,248.0,227.0,0.922,4.23,3.33,1.162,1.5,9898266676fcf0d0,,K:\data\photo\2026春节\DSC_0357.NEF
2026春节,2026春节,DSC_0361.NEF,1,0,False,ok,0.9745,2.701,7.648,14.976,19.038,14.976,2.242,-0.684,1.341,8.0,5.0,251.0,235.0,1.392,4.686,7.5,3.336,1.5,c8c89a342ad6d9e9,,K:\data\photo\2026春节\DSC_0361.NEF
2026春节,2026春节,DSC_0362.NEF,1,0,False,ok,0.9762,3.074,7.986,15.308,19.321,15.308,2.727,-1.009,0.998,8.0,5.0,252.0,235.0,1.266,4.726,7.07,3.202,1.5,f0d8dabc2ed6da3a,,K:\data\photo\2026春节\DSC_0362.NEF
2026春节,2026春节,DSC_0368.NEF,1,0,False,ok,0.9791,2.366,6.404,10.175,13.735,10.175,-0.514,0.823,2.158,16.0,10.0,227.0,213.0,0.209,0.297,2.72,0.251,1.5,cdc7873733961313,,K:\data\photo\2026春节\DSC_0368.NEF
2026春节,2026春节,DSC_0372.NEF,1,0,False,ok,0.9861,5.032,8.876,12.504,14.636,12.504,4.495,-2.23,0.369,18.0,10.0,250.0,220.0,0.166,0.423,6.545,0.447,1.5,50101858585c589c,,K:\data\photo\2026春节\DSC_0372.NEF
2026春节,2026春节,DSC_0373.NEF,1,0,False,ok,0.9845,4.615,8.645,11.831,13.728,11.831,4.032,-2.145,0.664,17.0,10.0,252.0,221.0,0.126,0.372,10.727,0.937,1.5,989898a8acac2c2c,,K:\data\photo\2026春节\DSC_0373.NEF
2026春节,2026春节,DSC_0382.NEF,6,1,False,ok,0.981,3.437,8.712,12.783,16.422,44.116,0.364,-3.406,-0.276,10.0,7.0,253.0,251.0,0.652,0.47,5.988,5.632,1.5,0647460775fd9cc8,,K:\data\photo\2026春节\DSC_0382.NEF
2026春节,2026春节,DSC_0385.NEF,6,1,False,ok,0.9852,4.442,8.574,13.075,16.353,44.08,1.69,-3.904,-1.279,11.0,7.0,253.0,253.0,0.235,0.486,8.281,6.45,1.5,86a62f36581898d0,,K:\data\photo\2026春节\DSC_0385.NEF
2026春节,2026春节,DSC_0395.NEF,1,0,False,ok,0.9862,4.757,7.467,10.191,10.984,10.191,-1.154,-4.115,-2.088,7.0,3.0,252.0,253.0,0.765,6.936,2.418,2.662,1.5,584a4b49a1f13030,,K:\data\photo\2026春节\DSC_0395.NEF
2026春节,2026春节,DSC_0396.NEF,1,0,False,ok,0.9803,2.399,8.929,14.439,19.519,14.439,-1.204,-1.897,-0.842,6.0,4.0,253.0,254.0,1.343,1.517,8.811,11.346,1.5,eaca0a0ea0e02060,,K:\data\photo\2026春节\DSC_0396.NEF
2026春节,2026春节,DSC_0404.NEF,8,-1,False,ok,0.9777,4.47,9.094,13.106,15.954,46.142,-0.907,-2.993,-3.193,5.0,3.0,237.0,229.0,2.687,3.762,1.654,0.786,1.5,6665c5c4c98c4c4d,,K:\data\photo\2026春节\DSC_0404.NEF
2026春节,2026春节,DSC_0422.NEF,6,1,False,ok,0.9751,2.238,5.968,8.921,9.251,36.374,-1.279,-1.829,0.173,4.0,3.0,209.0,213.0,3.097,3.208,0.0,0.018,1.5,82226667636b47c3,,K:\data\photo\2026春节\DSC_0422.NEF
2026春节,2026春节,DSC_0433.NEF,6,1,False,ok,0.9785,2.424,5.831,8.628,8.98,40.375,1.264,-2.054,0.239,3.0,2.0,248.0,250.0,4.516,6.998,0.495,0.643,1.5,868e266660a8e8c8,,K:\data\photo\2026春节\DSC_0433.NEF
2026春节,2026春节,DSC_0453.NEF,6,1,False,ok,0.9898,4.249,6.59,8.695,10.646,25.436,3.35,-2.571,-0.47,4.0,3.0,185.0,189.0,5.608,7.04,0.0,0.0,1.5,205916b3b3b008f0,,K:\data\photo\2026春节\DSC_0453.NEF
2026春节,2026春节,DSC_0456.NEF,6,1,False,ok,0.969,2.059,4.336,10.533,12.329,24.419,1.923,-0.737,-0.03,7.0,5.0,249.0,229.0,0.493,3.598,0.559,0.467,1.5,585c9890a0102120,,K:\data\photo\2026春节\DSC_0456.NEF
2026春节,2026春节,DSC_0458.NEF,6,1,False,ok,0.9565,3.716,5.911,13.227,15.055,29.256,-3.397,-1.076,1.056,21.0,13.0,253.0,255.0,0.0,0.034,3.153,4.758,1.5,90901878b8ececac,,K:\data\photo\2026春节\DSC_0458.NEF
2026春节,2026春节,DSC_0459.NEF,8,-1,False,ok,0.9646,2.332,5.216,14.313,15.941,37.436,-1.925,-1.237,0.446,21.0,13.0,253.0,255.0,0.0,0.008,8.011,16.834,1.5,56c6d0fbeceecfdf,,K:\data\photo\2026春节\DSC_0459.NEF
2026春节,2026春节,DSC_0462.NEF,8,-1,False,ok,0.9621,1.746,5.715,15.806,17.982,41.443,1.025,-1.212,0.728,24.0,14.0,253.0,255.0,0.0,0.013,12.913,18.819,1.5,1cad8ca0b298d89c,,K:\data\photo\2026春节\DSC_0462.NEF
2026春节,2026春节,DSC_0463.NEF,8,-1,False,ok,0.962,1.807,5.323,14.932,16.641,39.666,-1.093,-1.228,0.75,25.0,15.0,253.0,255.0,0.0,0.027,14.512,20.028,1.5,9c5494d499dcdcde,,K:\data\photo\2026春节\DSC_0463.NEF
2026春节,2026春节,DSC_0470.NEF,8,-1,False,ok,0.9786,3.879,7.139,11.278,12.744,40.037,0.186,-3.847,0.459,18.0,10.0,253.0,254.0,0.055,0.726,5.382,5.69,1.5,87878d8d61909c94,,K:\data\photo\2026春节\DSC_0470.NEF
2026春节,2026春节,DSC_0472.NEF,8,-1,False,ok,0.9307,2.011,2.603,3.285,3.382,4.012,0.196,-1.973,-0.337,185.0,125.0,253.0,255.0,0.0,0.0,91.429,95.207,1.5,0501010100000014,,K:\data\photo\2026春节\DSC_0472.NEF
2026春节,2026春节,DSC_0475.NEF,8,-1,False,ok,0.9278,10.832,12.017,14.276,14.246,24.769,10.549,-2.109,-1.266,34.0,13.0,253.0,255.0,0.0,0.086,45.412,37.495,1.5,818191e1f0b0b094,,K:\data\photo\2026春节\DSC_0475.NEF
2026春节,2026春节,DSC_0476.NEF,8,-1,False,ok,0.9816,13.345,14.288,16.889,16.643,32.032,12.99,1.724,2.529,34.0,11.0,253.0,255.0,0.0,0.452,5.855,7.347,1.5,888898b09c9c9892,,K:\data\photo\2026春节\DSC_0476.NEF
2026春节,2026春节,DSC_0478.NEF,8,-1,False,ok,0.9819,12.824,14.123,17.979,18.348,32.797,12.364,2.198,2.6,28.0,8.0,253.0,254.0,0.0,0.998,6.507,8.417,1.5,101038fcec183238,,K:\data\photo\2026春节\DSC_0478.NEF
2026春节,2026春节,DSC_0479.NEF,8,-1,False,ok,0.9821,11.59,12.586,16.72,17.172,29.926,11.057,1.553,3.109,28.0,10.0,252.0,253.0,0.002,1.441,1.383,6.155,1.5,180c2a443890303d,,K:\data\photo\2026春节\DSC_0479.NEF
2026春节,2026春节,DSC_0489.NEF,8,-1,False,ok,0.9839,4.761,8.667,15.606,18.723,29.416,-2.0,-4.318,-0.163,10.0,4.0,230.0,234.0,0.604,3.378,0.243,1.062,1.5,2d7f2f2e3e1f1fe6,,K:\data\photo\2026春节\DSC_0489.NEF
2026春节,2026春节,DSC_0491.NEF,8,-1,False,ok,0.9835,4.857,7.462,14.279,16.947,40.223,3.154,-3.683,0.277,16.0,6.0,253.0,255.0,0.18,0.93,13.251,5.11,1.5,783c3f2f2f2e1f1f,,K:\data\photo\2026春节\DSC_0491.NEF
2026春节,2026春节,DSC_0493.NEF,8,-1,False,ok,0.9809,4.865,7.845,15.244,18.419,39.452,3.205,-3.652,0.224,20.0,7.0,253.0,255.0,0.037,0.947,11.193,4.081,1.5,f83c7f2f2e1e0f1f,,K:\data\photo\2026春节\DSC_0493.NEF
2026春节,2026春节,DSC_0506.NEF,6,1,False,ok,0.9673,5.092,9.729,18.298,22.233,44.369,-2.403,-4.347,-1.122,13.0,7.0,252.0,253.0,0.394,0.592,1.603,2.729,1.5,22028080070b8884,,K:\data\photo\2026春节\DSC_0506.NEF
2026春节,2026春节,DSC_0507.NEF,6,1,False,ok,0.9747,3.979,8.915,17.005,20.587,34.323,0.184,-3.967,-0.248,18.0,8.0,249.0,241.0,0.133,1.402,0.623,0.862,1.5,2e8f9b071f2b2b72,,K:\data\photo\2026春节\DSC_0507.NEF
2026春节,2026春节,DSC_0513.NEF,6,1,False,ok,0.9802,4.458,6.305,9.16,9.622,37.816,-2.122,-3.912,0.265,11.0,5.0,253.0,255.0,0.515,1.665,7.296,6.322,1.5,d76f67af1b0fa9e7,,K:\data\photo\2026春节\DSC_0513.NEF
2026春节,2026春节,DSC_0515.NEF,6,1,False,ok,0.9788,4.587,6.442,9.311,9.817,36.153,-2.21,-4.001,0.388,12.0,6.0,253.0,255.0,0.381,1.427,6.765,6.601,1.5,d7af7fa72f0fada7,,K:\data\photo\2026春节\DSC_0515.NEF
2026春节,2026春节,DSC_0517.NEF,6,1,False,ok,0.9808,4.696,6.601,9.469,10.11,37.904,-2.362,-4.057,0.116,11.0,5.0,253.0,255.0,0.564,1.653,6.384,7.211,1.5,d76b67af0b0dade7,,K:\data\photo\2026春节\DSC_0517.NEF
2026春节,2026春节,DSC_0522.NEF,1,0,False,ok,0.9793,4.069,7.53,15.554,19.597,15.554,-1.268,-3.839,-0.46,8.0,5.0,252.0,255.0,2.055,1.983,2.065,4.614,1.5,1b1f39396d3b35b6,,K:\data\photo\2026春节\DSC_0522.NEF
2026春节,2026春节,DSC_0529.NEF,1,0,False,ok,0.9716,4.646,7.685,14.42,17.527,14.42,-2.657,-3.779,-0.487,9.0,5.0,252.0,255.0,0.724,1.633,1.798,4.476,1.5,d9cbcf8d1595d8d0,,K:\data\photo\2026春节\DSC_0529.NEF
2026春节,2026春节,DSC_0533.NEF,1,0,False,ok,0.9721,4.75,7.99,14.605,17.757,14.605,-2.609,-3.948,-0.406,8.0,4.0,252.0,255.0,0.884,2.295,1.854,4.517,1.5,998bce8d1d95c8d8,,K:\data\photo\2026春节\DSC_0533.NEF
2026春节,2026春节,DSC_0534.NEF,1,0,False,ok,0.9738,4.768,7.673,14.496,17.661,14.496,-2.61,-3.967,-0.431,9.0,5.0,252.0,255.0,0.882,1.68,1.856,4.544,1.5,918b9e9b1919d8b8,,K:\data\photo\2026春节\DSC_0534.NEF
2026春节,2026春节,DSC_0551.NEF,8,-1,False,ok,0.9808,4.139,7.203,12.404,15.098,34.803,-1.884,-3.605,-0.764,8.0,4.0,253.0,252.0,1.096,1.74,7.081,3.617,1.5,381a0a0e2622035a,,K:\data\photo\2026春节\DSC_0551.NEF
2026春节,2026春节,DSC_0557.NEF,6,1,False,ok,0.981,3.833,7.421,12.085,14.815,36.06,-0.224,-3.825,0.125,9.0,4.0,236.0,229.0,0.332,1.309,0.157,0.071,1.5,fcfc2736578786e0,,K:\data\photo\2026春节\DSC_0557.NEF
2026春节,2026春节,DSC_0560.NEF,6,1,False,ok,0.9726,3.295,7.741,12.558,15.775,34.085,-0.214,-3.207,0.728,32.0,15.0,253.0,249.0,0.0,0.095,30.55,7.565,1.5,d1e1e6868784c0c0,,K:\data\photo\2026春节\DSC_0560.NEF
2026春节,2026春节,DSC_0569.NEF,6,1,False,ok,0.9826,3.21,7.597,10.828,13.777,29.054,-0.241,-2.995,1.13,16.0,6.0,227.0,223.0,0.091,0.644,0.004,0.013,1.5,e0e569ebc7e4e060,,K:\data\photo\2026春节\DSC_0569.NEF
2026春节,2026春节,DSC_0571.NEF,6,1,False,ok,0.9875,3.511,7.6,10.647,13.793,24.169,-0.831,-3.0,1.624,15.0,6.0,229.0,221.0,0.095,0.536,0.002,0.006,1.5,c0cccfaececac8d0,,K:\data\photo\2026春节\DSC_0571.NEF
2026春节,2026春节,DSC_0579.NEF,8,-1,False,ok,0.9822,3.407,6.29,9.961,11.566,26.785,-0.245,-3.222,1.078,20.0,9.0,253.0,254.0,0.01,0.17,1.365,1.918,1.5,33233d2f2b273238,,K:\data\photo\2026春节\DSC_0579.NEF
2026春节,2026春节,DSC_0582.NEF,8,-1,False,ok,0.9857,5.918,8.063,13.839,16.178,29.989,-0.346,-5.866,-0.704,15.0,6.0,244.0,244.0,0.073,0.779,0.373,1.156,1.5,e68e1e0c1c0c4e66,,K:\data\photo\2026春节\DSC_0582.NEF
2026春节,2026春节,DSC_0583.NEF,8,-1,False,ok,0.9859,5.891,7.994,13.842,16.191,30.331,-0.444,-5.834,-0.691,15.0,7.0,244.0,245.0,0.078,0.652,0.372,1.219,1.5,e68e1e0c1c0c4e64,,K:\data\photo\2026春节\DSC_0583.NEF
2026春节,2026春节,DSC_0589.NEF,8,-1,False,ok,0.9746,6.374,8.708,15.868,18.011,30.878,-1.728,-6.001,-1.279,12.0,6.0,252.0,248.0,0.162,0.675,1.128,1.684,1.5,0e1e7e2c362c0dc7,,K:\data\photo\2026春节\DSC_0589.NEF
2026春节,2026春节,DSC_0590.NEF,8,-1,False,ok,0.9826,5.664,7.952,13.84,16.095,29.576,-0.349,-5.635,-0.454,16.0,7.0,251.0,248.0,0.049,0.566,0.754,1.417,1.5,cc1d3d3d39295dce,,K:\data\photo\2026春节\DSC_0590.NEF
2026春节,2026春节,DSC_0594.NEF,8,-1,False,ok,0.9789,5.5,7.69,13.591,15.644,27.764,-2.166,-5.056,-0.028,15.0,8.0,250.0,248.0,0.06,0.522,0.594,1.649,1.5,cc8e3d1d1d0d1dc6,,K:\data\photo\2026春节\DSC_0594.NEF
2026春节,2026春节,DSC_0595.NEF,8,-1,False,ok,0.9789,5.535,7.665,12.829,14.947,24.307,-2.63,-4.866,0.195,15.0,7.0,249.0,248.0,0.055,0.606,0.542,1.476,1.5,cc8e3d1d3939cdc4,,K:\data\photo\2026春节\DSC_0595.NEF
2026春节,2026春节,DSC_0601.NEF,8,-1,False,ok,0.9753,5.606,8.002,15.907,18.048,31.057,-1.543,-5.361,-0.557,13.0,7.0,252.0,248.0,0.144,0.629,0.786,1.926,1.5,ce1e3e1e3c0c3c4e,,K:\data\photo\2026春节\DSC_0601.NEF
2026春节,2026春节,DSC_0603.NEF,8,-1,False,ok,0.9784,6.417,8.665,14.95,17.239,25.824,-3.918,-5.079,-0.181,14.0,7.0,250.0,248.0,0.097,0.676,0.58,1.665,1.5,ce9d3d1d3d291ece,,K:\data\photo\2026春节\DSC_0603.NEF
厦门,1,DSC_0611.NEF,6,1,False,ok,0.9806,5.652,7.577,14.776,17.803,29.483,4.936,-0.142,2.749,9.0,4.0,246.0,244.0,2.184,6.531,1.297,3.085,1.5,cab2a8a1e9eeb9b9,,K:\data\photo\厦门\1\DSC_0611.NEF
厦门,1,DSC_0617.NEF,8,-1,False,ok,0.986,1.4,6.089,15.137,18.909,46.324,0.679,-1.112,-0.512,25.0,14.0,253.0,255.0,0.001,1.057,25.081,23.907,1.5,9f9bdbcfcdddd9bf,,K:\data\photo\厦门\1\DSC_0617.NEF
厦门,1,DSC_0620.NEF,1,0,False,ok,0.9632,0.579,6.39,12.929,14.149,12.929,0.518,-0.001,-0.259,25.0,14.0,253.0,255.0,0.0,1.095,29.366,36.563,1.5,fcf8f4c4f1c8dad8,,K:\data\photo\厦门\1\DSC_0620.NEF
厦门,1,DSC_0627.NEF,8,-1,False,ok,0.9705,2.308,5.296,8.489,9.004,33.501,-0.667,-2.13,0.588,29.0,19.0,253.0,255.0,0.0,0.185,18.075,20.827,1.5,f39b3b7b5b193963,,K:\data\photo\厦门\1\DSC_0627.NEF
厦门,1,DSC_0631.NEF,8,-1,False,ok,0.9255,2.597,5.525,10.867,11.628,27.796,-0.062,-2.123,1.493,32.0,19.0,253.0,255.0,0.0,0.067,10.83,11.15,1.5,19898d9d1d8c9899,,K:\data\photo\厦门\1\DSC_0631.NEF
厦门,1,DSC_0633.NEF,1,0,False,ok,0.9187,3.062,6.552,14.787,15.718,14.787,0.277,-2.795,1.219,29.0,18.0,253.0,255.0,0.0,0.197,7.772,11.538,1.5,a0e0f090280ca998,,K:\data\photo\厦门\1\DSC_0633.NEF
厦门,1,DSC_0639.NEF,8,-1,False,ok,0.9561,2.795,5.367,9.548,9.737,27.159,-0.825,-1.996,1.773,29.0,19.0,253.0,255.0,0.0,0.018,20.02,23.426,1.5,a21b9b1313139ba9,,K:\data\photo\厦门\1\DSC_0639.NEF
厦门,1,DSC_0642.NEF,8,-1,False,ok,0.9764,2.99,5.436,9.208,9.831,27.884,-0.851,-2.231,1.8,30.0,18.0,253.0,255.0,0.0,0.059,18.085,21.737,1.5,333b3b1313333539,,K:\data\photo\厦门\1\DSC_0642.NEF
厦门,1,DSC_0644.NEF,1,0,False,ok,0.9253,3.217,6.115,13.242,13.741,13.242,-0.419,-3.059,0.904,23.0,11.0,253.0,255.0,0.0,0.38,7.648,9.623,1.5,b0e0f0f04924a4d0,,K:\data\photo\厦门\1\DSC_0644.NEF
厦门,1,DSC_0647.NEF,1,0,False,ok,0.9384,2.782,5.917,12.851,13.481,12.851,1.222,-2.24,1.109,26.0,14.0,253.0,255.0,0.0,0.059,12.578,15.366,1.5,b0a0e4f0f04d54c4,,K:\data\photo\厦门\1\DSC_0647.NEF
厦门,1,DSC_0650.NEF,1,0,False,ok,0.9428,2.536,7.467,12.608,12.934,12.608,-0.163,-0.203,2.522,19.0,9.0,233.0,234.0,0.133,1.785,0.625,1.243,1.5,f471f1f0a1cbcb82,,K:\data\photo\厦门\1\DSC_0650.NEF
厦门,1,DSC_0655.NEF,8,-1,False,ok,0.9696,3.191,7.758,11.113,11.367,41.567,-1.373,-2.873,-0.221,26.0,13.0,253.0,248.0,0.096,5.214,2.82,4.218,1.5,9c18281899050181,,K:\data\photo\厦门\1\DSC_0655.NEF
厦门,1,DSC_0657.NEF,8,-1,False,ok,0.9763,3.037,7.977,10.929,11.011,43.569,-1.437,-2.584,-0.696,28.0,13.0,245.0,242.0,0.066,3.592,1.254,2.427,1.5,82a2181010018889,,K:\data\photo\厦门\1\DSC_0657.NEF
厦门,1,DSC_0672.NEF,8,-1,False,ok,0.9273,2.907,4.574,11.991,13.328,27.791,1.864,-2.212,-0.291,34.0,24.0,253.0,255.0,0.002,0.076,3.513,4.553,1.5,7cfc7c7c592b6168,,K:\data\photo\厦门\1\DSC_0672.NEF
厦门,1,DSC_0675.NEF,8,-1,False,ok,0.9744,3.147,7.104,13.938,17.207,42.15,-0.109,-2.59,1.783,24.0,15.0,253.0,255.0,0.144,0.215,18.215,15.026,1.5,1832a6a1a2b0a022,,K:\data\photo\厦门\1\DSC_0675.NEF
厦门,1,DSC_0681.NEF,8,-1,False,ok,0.9366,1.843,6.869,16.224,17.086,45.855,0.474,-1.363,-1.146,13.0,7.0,253.0,255.0,2.383,6.574,5.265,8.65,1.5,71a322e111212121,,K:\data\photo\厦门\1\DSC_0681.NEF
厦门,1,DSC_0685.NEF,6,1,False,ok,0.9847,3.065,5.204,10.836,11.947,43.596,0.724,-2.976,0.119,21.0,8.0,253.0,254.0,0.004,1.606,8.454,7.743,1.5,690f878301213171,,K:\data\photo\厦门\1\DSC_0685.NEF
厦门,1,DSC_0693.NEF,8,-1,False,ok,0.9241,4.95,7.824,15.618,16.626,40.474,-1.278,-4.29,2.113,20.0,10.0,253.0,250.0,0.006,1.289,5.785,5.009,1.5,a3c58b28a6a3a0a8,,K:\data\photo\厦门\1\DSC_0693.NEF
厦门,1,DSC_0702.NEF,8,-1,False,ok,0.9841,3.12,6.44,16.844,20.508,39.443,-1.171,-2.883,0.232,15.0,6.0,242.0,238.0,0.064,3.804,1.384,4.706,1.5,cc456968494a1a2a,,K:\data\photo\厦门\1\DSC_0702.NEF
厦门,1,DSC_0712.NEF,8,-1,False,ok,0.9259,6.107,7.465,12.119,12.699,25.985,-3.756,-4.809,0.26,18.0,9.0,173.0,203.0,0.077,0.574,0.001,0.095,1.5,ba9a99f9b9a89df5,,K:\data\photo\厦门\1\DSC_0712.NEF
厦门,1,DSC_0713.NEF,8,-1,False,ok,0.9763,5.27,6.954,10.128,11.273,26.29,-3.378,-3.978,0.735,18.0,10.0,208.0,222.0,0.102,0.74,0.012,0.259,1.5,787afab83d35f9b9,,K:\data\photo\厦门\1\DSC_0713.NEF
厦门,1,DSC_0719.NEF,8,-1,False,ok,0.9768,4.631,8.29,13.02,15.696,35.228,-1.227,-4.148,1.654,20.0,11.0,253.0,255.0,0.119,0.246,8.673,12.025,1.5,9fefee8fcf86aeae,,K:\data\photo\厦门\1\DSC_0719.NEF
厦门,1,DSC_0731.NEF,8,-1,False,ok,0.9653,2.82,4.888,11.531,12.865,18.891,1.06,-2.56,0.525,18.0,10.0,157.0,184.0,0.116,0.739,0.0,0.086,1.5,f5b3b31d75f3ddc0,,K:\data\photo\厦门\1\DSC_0731.NEF
厦门,1,DSC_0738.NEF,8,-1,False,ok,0.9598,4.929,8.617,20.857,25.002,37.394,0.345,-4.633,-1.644,24.0,10.0,253.0,255.0,0.091,0.44,8.199,13.961,1.5,353d171a6227571f,,K:\data\photo\厦门\1\DSC_0738.NEF
厦门,1,DSC_0742.NEF,8,-1,False,ok,0.9851,8.167,10.453,16.114,18.62,50.518,-2.475,-7.061,-3.275,31.0,12.0,251.0,245.0,0.012,1.604,3.252,3.963,1.5,3000140c0c0a2020,,K:\data\photo\厦门\1\DSC_0742.NEF
厦门,1,DSC_0753.NEF,8,-1,False,ok,0.9821,8.353,10.267,16.053,18.411,47.207,-2.701,-6.866,-3.916,23.0,15.0,249.0,240.0,0.004,0.23,0.614,0.747,1.5,b10108403060a070,,K:\data\photo\厦门\1\DSC_0753.NEF
厦门,1,DSC_0761.NEF,1,0,False,ok,0.9781,5.754,7.976,13.229,15.737,13.229,-2.324,-4.626,-2.51,33.0,18.0,253.0,249.0,0.008,1.092,6.305,1.287,1.5,78783c1c17ceef76,,K:\data\photo\厦门\1\DSC_0761.NEF
厦门,1,DSC_0765.NEF,8,-1,False,ok,0.9633,4.378,8.987,21.061,25.369,43.731,0.702,-4.298,-0.449,11.0,5.0,253.0,255.0,1.232,1.989,9.707,18.735,1.5,9797c71e6772565e,,K:\data\photo\厦门\1\DSC_0765.NEF
厦门,1,DSC_0780.NEF,1,0,False,ok,0.9819,10.381,11.798,16.193,17.469,16.193,-4.989,-9.098,0.328,32.0,13.0,223.0,237.0,0.0,0.558,0.17,1.243,1.5,a81224ba3b1bce8e,,K:\data\photo\厦门\1\DSC_0780.NEF
厦门,1,DSC_0782.NEF,1,0,False,ok,0.9794,9.937,11.09,14.726,15.775,14.726,-5.323,-8.387,0.26,32.0,14.0,215.0,233.0,0.0,0.453,0.094,0.83,1.5,90328cba3b0bce8e,,K:\data\photo\厦门\1\DSC_0782.NEF
厦门,1,DSC_0783.NEF,1,0,False,ok,0.9568,5.389,7.527,12.263,12.841,12.263,-1.192,-5.183,-0.873,44.0,20.0,253.0,255.0,0.0,0.311,10.291,12.227,1.5,48411145178dcc89,,K:\data\photo\厦门\1\DSC_0783.NEF
厦门,1,DSC_0791.NEF,1,0,False,ok,0.9487,3.146,7.404,20.383,23.375,20.383,-1.153,-2.784,-0.905,30.0,18.0,253.0,254.0,0.0,0.748,14.849,19.143,1.5,f0e968e8e0e8e869,,K:\data\photo\厦门\1\DSC_0791.NEF
厦门,1,DSC_0793.NEF,6,1,False,ok,0.9608,2.559,6.673,13.469,14.201,40.517,1.501,-2.04,0.367,21.0,9.0,253.0,255.0,0.041,0.905,20.356,25.844,1.5,1b3323232ca6bcac,,K:\data\photo\厦门\1\DSC_0793.NEF
厦门,1,DSC_0794.NEF,6,1,False,ok,0.9761,3.013,7.305,16.606,18.552,41.015,1.463,-2.561,0.617,19.0,9.0,253.0,255.0,0.027,0.211,10.311,6.675,1.5,181a1838302e0647,,K:\data\photo\厦门\1\DSC_0794.NEF
厦门,1,DSC_0795.NEF,1,0,False,ok,0.9815,2.925,6.52,14.45,16.58,14.45,2.123,-2.011,-0.054,14.0,7.0,253.0,255.0,0.075,0.434,6.178,2.973,1.5,fa72f6595c3fb8b8,,K:\data\photo\厦门\1\DSC_0795.NEF
厦门,1,DSC_0797.NEF,1,0,False,ok,0.978,3.423,7.017,16.542,18.643,16.542,2.667,-2.088,0.497,20.0,11.0,253.0,255.0,0.002,0.113,12.055,9.903,1.5,baf6b6565d5f39b8,,K:\data\photo\厦门\1\DSC_0797.NEF
厦门,1,DSC_0801.NEF,1,0,False,ok,0.9789,3.256,6.953,15.738,18.052,15.738,2.544,-2.014,0.281,21.0,10.0,253.0,255.0,0.0,0.174,12.752,9.448,1.5,f8f2f2565d5eb9b8,,K:\data\photo\厦门\1\DSC_0801.NEF
厦门,1,DSC_0805.NEF,8,-1,False,ok,0.9831,1.393,5.819,12.926,14.367,37.158,0.532,-1.287,0.02,25.0,15.0,253.0,255.0,0.0,0.005,26.305,28.911,1.5,1f371f0fce6e2f6f,,K:\data\photo\厦门\1\DSC_0805.NEF
厦门,1,DSC_0807.NEF,1,0,False,ok,0.9741,4.245,7.162,13.262,14.685,13.262,-0.954,-3.09,2.749,21.0,12.0,253.0,252.0,0.0,0.057,7.109,5.495,1.5,5a582c3f9c1878f8,,K:\data\photo\厦门\1\DSC_0807.NEF
厦门,1,DSC_0809.NEF,1,0,False,ok,0.9808,2.723,6.04,14.969,16.648,14.969,2.173,-1.627,0.213,21.0,11.0,253.0,255.0,0.004,0.091,12.823,11.086,1.5,f85ab6d0dc7b79f1,,K:\data\photo\厦门\1\DSC_0809.NEF
厦门,1,DSC_0820.NEF,1,0,False,ok,0.9403,2.756,7.259,16.015,16.465,16.015,1.519,-0.968,-2.086,26.0,13.0,253.0,255.0,0.008,4.163,8.22,12.767,1.5,840458cd6e731703,,K:\data\photo\厦门\1\DSC_0820.NEF
厦门,1,DSC_0821.NEF,1,0,False,ok,0.9474,3.038,7.109,15.271,15.838,15.271,1.766,-1.716,-1.78,26.0,14.0,253.0,255.0,0.008,2.678,11.619,15.07,1.5,8484594e6237070a,,K:\data\photo\厦门\1\DSC_0821.NEF
厦门,1,DSC_0822.NEF,1,0,False,ok,0.9467,2.929,7.158,15.306,15.776,15.306,1.699,-1.71,-1.665,26.0,13.0,253.0,255.0,0.01,3.248,10.953,14.61,1.5,0480594e62330710,,K:\data\photo\厦门\1\DSC_0822.NEF
厦门,1,DSC_0823.NEF,1,0,False,ok,0.9464,3.03,7.267,15.432,15.889,15.432,1.869,-1.67,-1.703,26.0,12.0,253.0,255.0,0.009,3.935,10.763,14.79,1.5,0494490e62330710,,K:\data\photo\厦门\1\DSC_0823.NEF
厦门,1,DSC_0826.NEF,8,-1,False,ok,0.9716,2.274,7.965,15.988,18.647,37.26,-0.321,-2.188,0.527,20.0,10.0,253.0,254.0,0.019,0.674,1.684,3.671,1.5,4440c3d75a0a8e5e,,K:\data\photo\厦门\1\DSC_0826.NEF
厦门,1,DSC_0833.NEF,6,1,False,ok,0.9732,3.726,6.931,22.218,26.641,44.614,-2.009,-0.68,-3.063,12.0,7.0,238.0,241.0,0.306,6.018,2.523,9.592,1.5,4b5add9bb2301827,,K:\data\photo\厦门\1\DSC_0833.NEF
厦门,1,DSC_0837.NEF,6,1,False,ok,0.9026,3.069,6.971,20.031,20.109,46.275,-0.455,-2.231,-2.057,13.0,6.0,251.0,247.0,0.289,10.168,4.357,14.249,1.5,f75d5552b0928726,,K:\data\photo\厦门\1\DSC_0837.NEF
厦门,1,DSC_0839.NEF,1,0,False,ok,0.9081,4.461,6.695,13.458,14.135,13.458,-3.115,-2.84,1.461,26.0,12.0,253.0,255.0,0.013,0.507,2.468,4.589,1.5,9c6c445c4c6ae0e0,,K:\data\photo\厦门\1\DSC_0839.NEF
厦门,1,DSC_0842.NEF,6,1,False,ok,0.9755,4.355,7.923,18.057,20.48,31.154,-0.853,-3.65,2.219,28.0,17.0,252.0,255.0,0.094,0.534,1.461,2.528,1.5,4703c30716561676,,K:\data\photo\厦门\1\DSC_0842.NEF
厦门,1,DSC_0843.NEF,6,1,False,ok,0.9777,6.177,8.181,15.72,17.825,28.222,-2.545,-4.646,3.177,33.0,18.0,252.0,255.0,0.0,0.199,1.401,3.086,1.5,2a0606e6c6869ed6,,K:\data\photo\厦门\1\DSC_0843.NEF
厦门,1,DSC_0845.NEF,6,1,False,ok,0.9628,5.178,6.702,10.185,10.348,29.668,-1.812,-3.715,3.119,40.0,19.0,253.0,255.0,0.0,0.125,16.742,19.583,1.5,060606262e2c2626,,K:\data\photo\厦门\1\DSC_0845.NEF
厦门,1,DSC_0854.NEF,6,1,False,ok,0.9759,5.928,7.791,14.302,16.545,28.796,-2.486,-4.38,3.126,33.0,16.0,253.0,255.0,0.0,0.292,2.411,4.628,1.5,464246464e566646,,K:\data\photo\厦门\1\DSC_0854.NEF
厦门,1,DSC_0855.NEF,6,1,False,ok,0.9738,6.329,8.141,13.732,15.739,28.53,-2.644,-4.493,3.588,33.0,16.0,253.0,255.0,0.0,0.313,1.826,4.798,1.5,564646464e566446,,K:\data\photo\厦门\1\DSC_0855.NEF
厦门,1,DSC_0861.NEF,6,1,False,ok,0.98,5.671,7.041,10.266,11.102,30.376,-1.764,-4.079,3.524,35.0,18.0,253.0,255.0,0.0,0.147,10.982,13.692,1.5,0a060626060e2626,,K:\data\photo\厦门\1\DSC_0861.NEF
厦门,1,DSC_0863.NEF,6,1,False,ok,0.9795,5.485,6.895,9.918,10.739,30.055,-1.697,-4.028,3.313,34.0,18.0,253.0,255.0,0.0,0.153,11.96,14.851,1.5,0a060623260e2626,,K:\data\photo\厦门\1\DSC_0863.NEF
厦门,1,DSC_0873.NEF,8,-1,False,ok,0.9787,7.3,8.731,13.387,14.996,23.327,-4.947,-4.38,3.103,29.0,14.0,188.0,213.0,0.003,0.523,0.016,0.178,1.5,6272765e18607676,,K:\data\photo\厦门\1\DSC_0873.NEF
厦门,1,DSC_0886.NEF,1,0,False,ok,0.955,2.47,4.523,9.162,9.486,9.162,0.722,-2.304,0.525,28.0,18.0,253.0,255.0,0.705,0.274,43.88,47.929,1.5,00141617335a5a6a,,K:\data\photo\厦门\1\DSC_0886.NEF
厦门,1,DSC_0887.NEF,1,0,False,ok,0.9519,2.375,4.355,8.96,9.277,8.96,0.736,-2.207,0.48,29.0,20.0,253.0,255.0,0.564,0.207,46.347,50.38,1.5,0014161733535a63,,K:\data\photo\厦门\1\DSC_0887.NEF
厦门,1,DSC_0893.NEF,,,,,,,,,,,,,,,,,,,,,,,,LibRawOutOfOrderCallError: b'Out of order call of libraw function',K:\data\photo\厦门\1\DSC_0893.NEF
厦门,1,DSC_0898.NEF,1,0,False,ok,0.9757,3.188,5.46,8.229,9.791,8.229,0.507,-3.118,-0.431,59.0,48.0,253.0,255.0,0.0,0.0,68.468,64.768,1.5,824786a683a54687,,K:\data\photo\厦门\1\DSC_0898.NEF
厦门,1,DSC_0900.NEF,1,0,False,ok,0.9908,4.486,7.013,10.177,12.225,10.177,0.568,-4.255,1.301,31.0,21.0,253.0,255.0,1.267,0.278,43.996,47.678,1.5,e2c38141988c0616,,K:\data\photo\厦门\1\DSC_0900.NEF
厦门,1,DSC_0902.NEF,1,0,False,ok,0.9893,6.334,9.482,12.343,14.761,12.343,3.766,-4.716,1.922,39.0,20.0,253.0,255.0,0.0,0.11,17.509,13.633,1.5,048606860c0d4939,,K:\data\photo\厦门\1\DSC_0902.NEF
厦门,1,DSC_0908.NEF,1,0,False,ok,0.9901,4.67,7.113,11.2,14.139,11.2,1.325,-4.477,0.062,23.0,16.0,253.0,255.0,0.0,0.0,32.251,31.564,1.5,cbacc5c998149414,,K:\data\photo\厦门\1\DSC_0908.NEF
厦门,1,DSC_0913.NEF,1,0,False,ok,0.9902,3.747,6.909,10.942,14.186,10.942,1.264,-3.523,0.185,26.0,17.0,253.0,255.0,0.005,0.001,36.699,31.939,1.5,9ede9e9ad3119a9a,,K:\data\photo\厦门\1\DSC_0913.NEF
厦门,1,DSC_0916.NEF,1,0,False,ok,0.9433,1.606,4.444,11.013,12.052,11.013,0.009,-0.725,-1.433,89.0,87.0,253.0,255.0,0.0,0.001,54.454,61.76,1.5,e0f0f0f078f4f6be,,K:\data\photo\厦门\1\DSC_0916.NEF
厦门,1,DSC_0920.NEF,1,0,False,ok,0.9913,2.391,4.608,8.244,10.046,8.244,1.534,-1.812,0.28,34.0,24.0,253.0,255.0,0.001,0.002,57.626,55.782,1.5,009ac785c5e1a94d,,K:\data\photo\厦门\1\DSC_0920.NEF
厦门,1,DSC_0927.NEF,1,0,False,ok,0.9353,4.86,9.75,17.066,18.659,17.066,2.603,-1.761,3.707,71.0,54.0,253.0,255.0,0.0,0.025,53.037,57.699,1.5,f092848bcbe1abab,,K:\data\photo\厦门\1\DSC_0927.NEF
厦门,1,DSC_0937.NEF,1,0,False,ok,0.951,2.511,6.428,11.756,14.249,11.756,-0.058,-2.506,0.141,78.0,71.0,253.0,255.0,0.0,0.014,24.57,22.292,1.5,a5a6416ca6e1edad,,K:\data\photo\厦门\1\DSC_0937.NEF
厦门,1,DSC_0947.NEF,1,0,False,ok,0.9631,5.881,8.801,12.547,13.466,12.547,-2.596,-5.275,0.139,19.0,12.0,242.0,231.0,0.024,0.662,0.044,6.098,1.5,faccdd565bce8c9c,,K:\data\photo\厦门\1\DSC_0947.NEF
厦门,1,DSC_0948.NEF,1,0,False,ok,0.9657,5.077,8.127,11.692,12.51,11.692,0.985,-4.918,0.789,18.0,8.0,244.0,223.0,0.024,1.541,0.165,0.15,1.5,fa4d795d4f8c9c9e,,K:\data\photo\厦门\1\DSC_0948.NEF
厦门,1,DSC_0952.NEF,1,0,False,ok,0.9601,2.969,6.145,10.202,11.465,10.202,-0.423,-2.938,-0.075,15.0,7.0,233.0,226.0,0.061,4.289,0.023,0.084,1.5,f3dbaafa9f9c9898,,K:\data\photo\厦门\1\DSC_0952.NEF
厦门,1,DSC_0955.NEF,1,0,False,ok,0.9908,4.166,6.562,9.428,10.783,9.428,-0.588,-4.076,-0.633,14.0,8.0,211.0,224.0,0.097,0.949,0.015,0.078,1.5,f3f5393bbdbd9d98,,K:\data\photo\厦门\1\DSC_0955.NEF
厦门,1,DSC_0956.NEF,1,0,False,ok,0.9879,4.166,6.67,9.685,10.673,9.685,-0.328,-4.095,-0.694,15.0,7.0,208.0,218.0,0.12,1.175,0.004,0.071,1.5,f9bbbbf92db51d1c,,K:\data\photo\厦门\1\DSC_0956.NEF
厦门,1,DSC_0965.NEF,6,1,False,ok,0.9804,3.886,7.256,11.85,13.959,36.585,-2.198,-3.199,-0.2,21.0,11.0,251.0,241.0,0.009,0.109,1.122,3.438,1.5,aeaf2b6fd63677d7,,K:\data\photo\厦门\1\DSC_0965.NEF
厦门,1,DSC_0969.NEF,1,0,False,ok,0.9669,4.048,6.912,14.713,18.186,14.713,2.863,-2.477,-1.434,38.0,21.0,253.0,255.0,0.0,0.012,29.505,34.261,1.5,a4b44c5666385814,,K:\data\photo\厦门\1\DSC_0969.NEF
厦门,1,DSC_0974.NEF,1,0,False,ok,0.8697,3.187,6.775,10.963,11.879,10.963,2.152,-2.08,-1.096,57.0,36.0,253.0,255.0,0.0,0.026,53.138,50.357,1.5,49504a500c61b1d9,,K:\data\photo\厦门\1\DSC_0974.NEF
厦门,1,DSC_0982.NEF,1,0,False,ok,0.873,3.487,6.7,10.334,10.786,10.334,2.155,-2.401,-1.324,64.0,38.0,253.0,255.0,0.0,0.015,47.995,45.316,1.5,2a5158480a6282c2,,K:\data\photo\厦门\1\DSC_0982.NEF
厦门,1,DSC_0983.NEF,1,0,False,ok,0.8621,3.144,6.462,10.137,10.426,10.137,1.77,-2.27,-1.265,65.0,40.0,253.0,255.0,0.0,0.01,47.023,47.602,1.5,2058caa884e4c4c4,,K:\data\photo\厦门\1\DSC_0983.NEF
厦门,1,DSC_0986.NEF,1,0,False,ok,0.9474,4.141,6.999,13.021,13.616,13.021,1.562,-3.771,0.695,17.0,7.0,253.0,255.0,0.244,0.949,14.955,13.254,1.5,9282c2464a6beeff,,K:\data\photo\厦门\1\DSC_0986.NEF
厦门,1,DSC_0990.NEF,1,0,False,ok,0.9854,5.867,8.422,15.808,18.9,15.808,-0.276,-5.631,-1.626,33.0,19.0,253.0,255.0,0.003,0.796,30.358,38.102,1.5,c48686818283c243,,K:\data\photo\厦门\1\DSC_0990.NEF
厦门,1,DSC_0993.NEF,1,0,False,ok,0.9861,5.919,7.994,13.983,16.572,13.983,-0.052,-5.471,-2.259,36.0,20.0,253.0,255.0,0.005,0.151,34.149,43.679,1.5,a1a1a9a9e2426223,,K:\data\photo\厦门\1\DSC_0993.NEF
厦门,1,DSC_0998.NEF,1,0,False,ok,0.981,6.545,7.828,10.482,12.819,10.482,-4.018,-5.137,-0.55,36.0,25.0,212.0,206.0,0.002,0.001,0.075,0.015,1.5,d2c642c266c68393,,K:\data\photo\厦门\1\DSC_0998.NEF
厦门,1,DSC_1004.NEF,8,-1,False,ok,0.967,6.94,10.257,22.548,27.141,45.853,-2.254,-6.18,-2.209,33.0,13.0,253.0,254.0,0.005,0.764,2.557,4.686,1.5,651c1b434b4b4373,,K:\data\photo\厦门\1\DSC_1004.NEF
厦门,1,DSC_1006.NEF,8,-1,False,ok,0.9664,5.818,9.164,21.979,26.666,44.756,-2.044,-5.249,-1.456,33.0,12.0,253.0,254.0,0.005,0.709,1.948,4.564,1.5,ca3a3e5e56c6c647,,K:\data\photo\厦门\1\DSC_1006.NEF
厦门,1,DSC_1020.NEF,6,1,False,ok,0.9862,5.376,8.013,14.059,16.317,50.92,1.287,-4.049,3.294,11.0,5.0,253.0,253.0,0.502,2.764,12.168,38.477,1.5,e597e1f1c3830307,,K:\data\photo\厦门\1\DSC_1020.NEF
厦门,1,DSC_1022.NEF,1,0,False,ok,0.9658,6.593,9.511,15.515,19.745,15.515,5.194,-4.059,0.146,9.0,5.0,253.0,250.0,3.365,23.556,4.779,8.117,1.5,0e0d19d999990d3e,,K:\data\photo\厦门\1\DSC_1022.NEF
厦门,1,DSC_1023.NEF,1,0,False,ok,0.9793,5.571,9.528,19.925,21.811,19.925,3.392,1.789,4.04,18.0,8.0,253.0,255.0,0.073,5.001,57.031,64.023,1.5,c0c0e0c8d09a9c7a,,K:\data\photo\厦门\1\DSC_1023.NEF
厦门,1,DSC_1024.NEF,1,0,False,ok,0.9812,4.615,9.515,19.688,21.98,19.688,3.551,0.535,2.899,16.0,7.0,253.0,255.0,0.184,5.145,48.746,54.899,1.5,c0c4c0f2ba997bf7,,K:\data\photo\厦门\1\DSC_1024.NEF
厦门,1,DSC_1032.NEF,6,1,False,ok,0.9672,5.012,9.208,21.466,25.673,39.961,-2.071,-4.212,-1.758,19.0,13.0,253.0,255.0,0.061,0.413,5.074,6.046,1.5,ddf8f8b81c949498,,K:\data\photo\厦门\1\DSC_1032.NEF
厦门,1,DSC_1045.NEF,1,0,False,ok,0.9764,6.833,9.14,15.563,19.104,15.563,-1.543,-6.64,-0.462,37.0,25.0,253.0,253.0,0.015,0.102,11.508,13.39,1.5,96d6928a9abab070,,K:\data\photo\厦门\1\DSC_1045.NEF
厦门,1,DSC_1047.NEF,1,0,False,ok,0.9771,6.991,8.947,16.171,20.08,16.171,-1.888,-6.584,-1.399,37.0,25.0,253.0,254.0,0.029,0.151,12.054,16.661,1.5,acdca8a8a890b178,,K:\data\photo\厦门\1\DSC_1047.NEF
厦门,1,DSC_1049.NEF,1,0,False,ok,0.9716,5.878,8.004,16.933,21.07,16.933,-1.413,-5.688,-0.451,40.0,29.0,253.0,254.0,0.005,0.058,13.103,12.839,1.5,70b9b8a0d899bca8,,K:\data\photo\厦门\1\DSC_1049.NEF
厦门,1,DSC_1053.NEF,8,-1,False,ok,0.9582,5.764,9.727,17.676,22.291,36.584,-1.496,-5.407,1.326,40.0,29.0,253.0,255.0,0.0,0.002,11.259,8.145,1.5,4847460623525474,,K:\data\photo\厦门\1\DSC_1053.NEF
厦门,1,DSC_1059.NEF,1,0,False,ok,0.9471,5.791,9.0,15.049,16.275,15.049,3.838,-3.999,-1.68,22.0,10.0,253.0,255.0,0.129,1.525,16.051,8.653,1.5,828eccf8785898b4,,K:\data\photo\厦门\1\DSC_1059.NEF
厦门,1,DSC_1062.NEF,1,0,False,ok,0.9657,5.683,8.824,14.225,16.083,14.225,3.347,-4.148,-1.972,20.0,8.0,253.0,255.0,0.172,2.035,14.034,7.474,1.5,848c9df0d2b2996c,,K:\data\photo\厦门\1\DSC_1062.NEF
厦门,1,DSC_1072.NEF,8,-1,False,ok,0.9599,5.176,10.342,18.465,22.402,39.261,-1.78,-4.765,0.959,24.0,15.0,253.0,254.0,0.006,0.445,5.557,9.719,1.5,dc0c8c0d471aaa30,,K:\data\photo\厦门\1\DSC_1072.NEF
厦门,1,DSC_1073.NEF,8,-1,False,ok,0.9638,4.084,9.087,16.701,20.822,37.045,-1.646,-3.738,0.034,19.0,10.0,253.0,254.0,0.005,0.657,4.206,9.144,1.5,6e2ccc8d471bb9b8,,K:\data\photo\厦门\1\DSC_1073.NEF
厦门,1,DSC_1078.NEF,8,-1,False,ok,0.9807,2.767,8.744,17.573,21.095,55.402,0.345,-2.658,-0.685,14.0,8.0,253.0,255.0,0.842,0.441,33.665,35.367,1.5,3e75bd9dbbadec78,,K:\data\photo\厦门\1\DSC_1078.NEF
厦门,1,DSC_1079.NEF,8,-1,False,ok,0.9727,3.096,8.978,17.075,21.33,45.185,-0.142,-2.672,-1.557,13.0,8.0,253.0,255.0,0.401,0.303,35.127,36.464,1.5,b2e8b5b5b9b96cec,,K:\data\photo\厦门\1\DSC_1079.NEF
厦门,1,DSC_1090.NEF,8,-1,False,ok,0.972,2.989,6.321,9.563,11.948,25.744,1.317,-2.161,-1.59,11.0,6.0,253.0,254.0,0.316,2.845,1.942,1.477,1.5,78f8787870636c7d,,K:\data\photo\厦门\1\DSC_1090.NEF
厦门,1,DSC_1093.NEF,,,,,,,,,,,,,,,,,,,,,,,,LibRawOutOfOrderCallError: b'Out of order call of libraw function',K:\data\photo\厦门\1\DSC_1093.NEF
厦门,1,DSC_1096.NEF,8,-1,False,ok,0.9694,2.578,6.874,20.176,23.789,38.066,0.123,-2.359,-1.033,10.0,6.0,253.0,255.0,1.399,13.365,3.637,5.546,1.5,b080563a9a902464,,K:\data\photo\厦门\1\DSC_1096.NEF
厦门,1,DSC_1100.NEF,1,0,False,ok,0.9528,1.906,5.593,12.233,13.055,12.233,-0.512,-1.799,-0.363,19.0,10.0,253.0,255.0,0.146,0.714,4.336,5.299,1.5,f0dbb326c6e2e0e0,,K:\data\photo\厦门\1\DSC_1100.NEF
厦门,1,DSC_1104.NEF,1,0,False,ok,0.9694,1.593,6.324,12.16,13.569,12.16,-0.342,-1.428,-0.62,16.0,7.0,252.0,254.0,0.201,1.253,0.699,0.828,1.5,f8f262a6e6e370e0,,K:\data\photo\厦门\1\DSC_1104.NEF
厦门,1,DSC_1112.NEF,8,-1,False,ok,0.9519,4.211,8.855,16.72,20.887,37.142,-2.822,-3.124,-0.082,9.0,6.0,252.0,248.0,0.786,0.593,3.022,6.61,1.5,2594fcf8f9c1c9c0,,K:\data\photo\厦门\1\DSC_1112.NEF
厦门,1,DSC_1116.NEF,1,0,False,ok,0.9564,3.03,7.814,20.296,24.237,20.296,-0.791,-2.91,0.293,14.0,8.0,252.0,253.0,0.024,1.157,10.692,12.503,1.5,e880f2d4ddc9cd05,,K:\data\photo\厦门\1\DSC_1116.NEF
厦门,1,DSC_1117.NEF,1,0,False,ok,0.9606,2.776,7.409,20.956,24.634,20.956,-0.117,-2.768,0.172,15.0,8.0,252.0,253.0,0.023,2.439,9.236,11.77,1.5,f2c0f4ac88cca445,,K:\data\photo\厦门\1\DSC_1117.NEF
厦门,1,DSC_1123.NEF,1,0,False,ok,0.9567,2.998,6.148,13.736,13.984,13.736,1.263,-2.318,1.422,9.0,3.0,252.0,254.0,0.331,10.849,7.385,15.191,1.5,badeec7c90e1d2c0,,K:\data\photo\厦门\1\DSC_1123.NEF
厦门,1,DSC_1124.NEF,1,0,False,ok,0.9586,2.705,6.183,13.642,13.81,13.642,1.167,-2.171,1.114,9.0,4.0,252.0,254.0,0.293,10.152,6.103,13.671,1.5,d8dcec7cba35c1e0,,K:\data\photo\厦门\1\DSC_1124.NEF
厦门,1,DSC_1133.NEF,8,-1,False,ok,0.9778,2.969,6.982,16.611,19.508,39.651,-0.703,-2.7,1.015,18.0,7.0,252.0,254.0,0.006,5.004,10.01,16.713,1.5,493104360e8a0b4b,,K:\data\photo\厦门\1\DSC_1133.NEF
厦门,1,DSC_1134.NEF,1,0,False,ok,0.978,3.22,6.543,12.507,14.328,12.507,2.159,-2.386,-0.114,14.0,4.0,175.0,240.0,0.105,5.298,0.0,0.488,1.5,b99a1e1e1f07975f,,K:\data\photo\厦门\1\DSC_1134.NEF
厦门,1,DSC_1135.NEF,1,0,False,ok,0.9751,5.256,7.116,12.715,14.508,12.715,4.743,-2.257,-0.182,14.0,5.0,174.0,236.0,0.124,4.736,0.0,0.456,1.5,9e8e16171797574b,,K:\data\photo\厦门\1\DSC_1135.NEF
厦门,1,DSC_1143.NEF,8,-1,False,ok,0.965,1.818,8.947,22.973,26.071,51.173,1.539,0.658,-0.71,30.0,13.0,253.0,255.0,0.027,1.109,24.871,33.784,1.5,8b0e4e6b6b2ac0e7,,K:\data\photo\厦门\1\DSC_1143.NEF
厦门,1,DSC_1150.NEF,8,-1,False,ok,0.948,5.234,9.647,24.55,28.507,49.093,-3.235,-2.464,-3.295,11.0,8.0,251.0,250.0,0.654,1.239,1.388,7.741,1.5,180274edb3b5fb3b,,K:\data\photo\厦门\1\DSC_1150.NEF
厦门,1,DSC_1153.NEF,1,0,False,ok,0.9733,3.965,7.507,17.953,20.782,17.953,0.629,-2.397,3.095,21.0,10.0,253.0,255.0,0.461,0.801,6.372,12.98,1.5,ae8c692028383030,,K:\data\photo\厦门\1\DSC_1153.NEF
厦门,1,DSC_1166.NEF,6,1,False,ok,0.9773,5.453,8.868,15.094,17.225,36.766,1.981,-3.096,4.029,16.0,8.0,253.0,248.0,0.004,0.235,29.168,33.204,1.5,9e9e89838f95d192,,K:\data\photo\厦门\1\DSC_1166.NEF
厦门,1,DSC_1174.NEF,6,1,False,ok,0.9707,4.48,9.704,15.219,18.245,47.357,-2.285,-2.958,2.469,20.0,11.0,250.0,252.0,0.059,0.893,1.566,4.485,1.5,216b4f6165a4ac44,,K:\data\photo\厦门\1\DSC_1174.NEF
厦门,1,DSC_1176.NEF,6,1,False,ok,0.9704,4.571,9.02,14.61,17.974,46.554,-2.636,-3.098,2.084,20.0,13.0,250.0,248.0,0.032,0.325,1.591,4.183,1.5,65256b65f4943486,,K:\data\photo\厦门\1\DSC_1176.NEF
厦门,1,DSC_1178.NEF,6,1,False,ok,0.9691,4.517,9.763,15.964,19.296,49.231,-2.688,-3.236,1.645,19.0,9.0,250.0,251.0,0.065,1.227,1.52,5.575,1.5,752d2f2576e49682,,K:\data\photo\厦门\1\DSC_1178.NEF
厦门,1,DSC_1181.NEF,6,1,False,ok,0.9584,3.862,8.784,16.256,20.288,42.334,-2.495,-2.128,-2.04,16.0,10.0,250.0,244.0,0.047,0.578,1.981,5.544,1.5,43733bf9f2137b42,,K:\data\photo\厦门\1\DSC_1181.NEF
厦门,1,DSC_1186.NEF,6,1,False,ok,0.9617,4.797,9.831,18.292,22.88,45.504,-2.458,-2.908,-2.916,16.0,10.0,251.0,244.0,0.057,1.027,2.822,8.687,1.5,a1b998d850883929,,K:\data\photo\厦门\1\DSC_1186.NEF
厦门,1,DSC_1190.NEF,6,1,False,ok,0.9613,5.254,9.121,17.995,22.6,46.156,-3.334,-3.052,-2.679,17.0,13.0,243.0,226.0,0.059,0.342,2.485,8.151,1.5,b0a199d95cd81928,,K:\data\photo\厦门\1\DSC_1190.NEF
厦门,1,DSC_1196.NEF,1,0,False,ok,0.966,4.105,9.324,19.189,24.479,19.189,-2.581,-2.566,-1.898,13.0,6.0,252.0,248.0,0.232,1.404,5.915,15.645,1.5,bbd1cacacccce6a7,,K:\data\photo\厦门\1\DSC_1196.NEF
厦门,1,DSC_1208.NEF,1,0,False,ok,0.9786,7.845,10.904,14.774,16.564,14.774,3.031,-2.351,6.844,16.0,8.0,253.0,251.0,0.015,0.291,36.426,43.252,1.5,f0ec8c8cbc2e1e8c,,K:\data\photo\厦门\1\DSC_1208.NEF
厦门,1,DSC_1218.NEF,6,1,False,ok,0.9714,7.048,9.974,13.481,15.182,37.496,1.987,-1.101,6.673,29.0,17.0,253.0,243.0,0.0,0.004,33.03,40.143,1.5,c2cace87cbcac2c2,,K:\data\photo\厦门\1\DSC_1218.NEF
厦门,1,DSC_1220.NEF,8,-1,False,ok,0.9737,5.262,8.869,11.933,13.707,37.862,1.481,-1.239,4.895,24.0,13.0,253.0,239.0,0.008,0.056,23.749,16.555,1.5,5c4c4c1a4e4c4c5c,,K:\data\photo\厦门\1\DSC_1220.NEF
厦门,1,DSC_1221.NEF,8,-1,False,ok,0.9737,6.989,10.216,13.797,15.742,36.532,2.169,-1.932,6.357,24.0,12.0,253.0,251.0,0.022,0.167,25.389,39.459,1.5,b8ac2c8e2ea4b4bc,,K:\data\photo\厦门\1\DSC_1221.NEF
厦门,1,DSC_1224.NEF,1,0,False,ok,0.9665,6.954,10.563,12.734,14.572,12.734,0.133,-1.287,6.833,23.0,12.0,253.0,243.0,0.008,0.118,21.574,26.14,1.5,f0c8c8ccdc9c8ecc,,K:\data\photo\厦门\1\DSC_1224.NEF
厦门,1,DSC_1234.NEF,6,1,False,ok,0.9703,5.876,7.725,9.52,9.708,33.935,-0.652,-2.782,5.135,22.0,11.0,253.0,255.0,0.001,0.157,12.989,29.95,1.5,82848d4e424396cf,,K:\data\photo\厦门\1\DSC_1234.NEF
厦门,1,DSC_1249.NEF,6,1,False,ok,0.9862,6.4,8.717,10.541,11.961,41.221,1.38,-2.629,5.67,19.0,12.0,252.0,248.0,0.043,0.118,1.935,9.574,1.5,8080b12020109890,,K:\data\photo\厦门\1\DSC_1249.NEF
厦门,1,DSC_1255.NEF,1,0,False,ok,0.9843,5.167,8.212,11.43,13.851,11.43,1.599,-3.292,3.647,19.0,13.0,253.0,255.0,0.031,0.019,6.282,6.135,1.5,c8cc446c7a47f3be,,K:\data\photo\厦门\1\DSC_1255.NEF
厦门,1,DSC_1282.NEF,1,0,False,ok,0.9623,9.518,10.758,11.719,11.911,11.719,1.872,-5.134,7.793,45.0,22.0,247.0,249.0,0.004,0.072,40.538,46.52,1.5,fcf4c8c84808d838,,K:\data\photo\厦门\1\DSC_1282.NEF
厦门,1,DSC_1283.NEF,8,-1,False,ok,0.9714,10.152,11.448,14.092,15.261,34.614,2.67,-5.538,8.079,30.0,13.0,248.0,252.0,0.008,0.262,40.514,44.623,1.5,b8980e4e6c383878,,K:\data\photo\厦门\1\DSC_1283.NEF
厦门,1,DSC_1295.NEF,1,0,False,ok,0.9456,3.33,7.201,20.088,23.417,20.088,0.07,-2.649,2.016,24.0,12.0,252.0,252.0,0.005,0.533,4.817,17.846,1.5,adbbab995c1830cc,,K:\data\photo\厦门\1\DSC_1295.NEF
厦门,1,DSC_1300.NEF,1,0,False,ok,0.9579,2.434,7.336,20.863,23.273,20.863,1.791,-1.579,-0.472,25.0,15.0,251.0,250.0,0.013,2.322,6.39,15.539,1.5,018f77554902c8b0,,K:\data\photo\厦门\1\DSC_1300.NEF
厦门,1,DSC_1318.NEF,8,-1,False,ok,0.9216,2.575,5.48,13.699,14.205,32.488,-1.556,-0.475,1.996,20.0,12.0,245.0,239.0,0.057,2.961,3.436,12.391,1.5,b1b939784ca9787c,,K:\data\photo\厦门\1\DSC_1318.NEF
厦门,1,DSC_1321.NEF,1,0,False,ok,0.9468,4.596,7.922,13.431,13.651,13.431,-2.289,-3.033,2.584,64.0,47.0,253.0,254.0,0.0,0.023,16.796,9.413,1.5,a2a2a2a2aea0f8d0,,K:\data\photo\厦门\1\DSC_1321.NEF
厦门,1,DSC_1324.NEF,8,-1,False,ok,0.962,3.661,7.893,14.716,16.553,36.077,-0.192,-3.577,0.758,28.0,14.0,253.0,253.0,0.001,0.326,11.709,5.534,1.5,1828a89606640c10,,K:\data\photo\厦门\1\DSC_1324.NEF
厦门,1,DSC_1329.NEF,8,-1,False,ok,0.9791,4.906,7.192,10.429,11.022,39.965,0.939,-4.019,2.653,37.0,15.0,253.0,254.0,0.0,0.709,25.147,33.506,1.5,14960e1616262286,,K:\data\photo\厦门\1\DSC_1329.NEF
厦门,1,DSC_1335.NEF,1,0,False,ok,0.8896,11.703,13.8,16.955,17.535,16.955,-0.257,-6.953,9.41,39.0,16.0,253.0,252.0,0.0,0.144,18.225,70.895,1.5,fceed2d4f02decab,,K:\data\photo\厦门\1\DSC_1335.NEF
厦门,1,DSC_1338.NEF,6,1,False,ok,0.9125,9.456,11.936,14.554,14.808,50.126,-0.258,-5.749,7.502,36.0,17.0,253.0,252.0,0.0,0.123,16.721,44.384,1.5,ecfefcfbebfcfcfa,,K:\data\photo\厦门\1\DSC_1338.NEF
厦门,1,DSC_1339.NEF,6,1,False,ok,0.9714,2.939,7.184,17.875,21.431,40.022,1.098,-2.453,1.19,18.0,9.0,253.0,254.0,0.011,0.173,15.817,19.016,1.5,7cf9f030045d69b2,,K:\data\photo\厦门\1\DSC_1339.NEF
厦门,1,DSC_1351.NEF,1,0,False,ok,0.9861,10.108,10.712,11.555,12.929,11.555,-3.321,-3.951,8.691,89.0,88.0,233.0,235.0,0.0,0.001,0.151,0.368,1.5,f0f0e0f0d0d0ace0,,K:\data\photo\厦门\1\DSC_1351.NEF
厦门,1,DSC_1356.NEF,1,0,False,ok,0.9873,7.209,9.09,13.121,14.034,13.121,-2.533,-5.284,4.199,6.0,4.0,233.0,247.0,3.006,5.427,0.158,27.072,1.5,fefb60e662c6b160,,K:\data\photo\厦门\1\DSC_1356.NEF
厦门,1,DSC_1365.NEF,1,0,False,ok,0.9687,7.845,10.036,13.115,13.462,13.115,0.908,-2.673,7.319,53.0,28.0,249.0,250.0,0.0,0.041,6.371,33.592,1.5,c0a0c0f6d2d0d2c0,,K:\data\photo\厦门\1\DSC_1365.NEF
厦门,1,DSC_1367.NEF,1,0,False,ok,0.9403,8.254,11.251,15.542,16.616,15.542,-1.093,-4.155,7.048,40.0,34.0,251.0,253.0,0.0,0.0,2.957,40.212,1.5,e0f0e0e2d2c8e0e0,,K:\data\photo\厦门\1\DSC_1367.NEF
厦门,1,DSC_1368.NEF,1,0,False,ok,0.9776,8.081,10.037,12.18,13.381,12.18,0.023,-5.228,6.162,31.0,15.0,249.0,242.0,0.008,0.124,15.262,28.007,1.5,f8e565e5a64626d9,,K:\data\photo\厦门\1\DSC_1368.NEF
厦门,1,DSC_1369.NEF,1,0,False,ok,0.977,7.869,9.892,12.085,13.311,12.085,0.04,-5.272,5.842,35.0,18.0,249.0,244.0,0.002,0.109,12.074,25.999,1.5,f0ed6da74e069e93,,K:\data\photo\厦门\1\DSC_1369.NEF
厦门,1,DSC_1371.NEF,8,-1,False,ok,0.9838,8.758,11.005,13.924,15.861,44.107,3.147,-5.838,5.72,42.0,24.0,252.0,242.0,0.006,0.098,16.65,31.797,1.5,fcbc3e5a3e1cbeee,,K:\data\photo\厦门\1\DSC_1371.NEF
厦门,1,DSC_1376.NEF,8,-1,False,ok,0.9826,9.481,11.572,14.675,16.452,42.697,2.402,-6.043,6.899,35.0,20.0,252.0,244.0,0.046,0.248,30.88,36.451,1.5,f8f81c9a9a9cdcf8,,K:\data\photo\厦门\1\DSC_1376.NEF
厦门,1,DSC_1382.NEF,1,0,False,ok,0.9572,5.22,7.466,11.73,12.119,11.73,0.498,-3.473,3.865,16.0,6.0,249.0,236.0,0.102,0.729,7.977,18.598,1.5,e3c2d6959494b4ac,,K:\data\photo\厦门\1\DSC_1382.NEF
厦门,1,DSC_1383.NEF,1,0,False,ok,0.9722,9.977,11.347,14.039,14.338,14.039,1.109,-3.513,9.272,45.0,34.0,247.0,239.0,0.0,0.001,29.806,44.197,1.5,f8f0f8f0f8d2f0f0,,K:\data\photo\厦门\1\DSC_1383.NEF
厦门,1,DSC_1387.NEF,1,0,False,ok,0.9425,10.124,12.558,15.676,16.506,15.676,-1.516,-5.02,8.661,88.0,77.0,249.0,252.0,0.0,0.0,0.627,43.494,1.5,e0e0e4f08da4d0f0,,K:\data\photo\厦门\1\DSC_1387.NEF
厦门,1,DSC_1392.NEF,1,0,False,ok,0.9828,9.944,11.952,18.927,20.321,18.927,4.786,-4.878,7.224,24.0,13.0,253.0,252.0,0.0,0.065,51.881,56.741,1.5,fcbeb6b5baa6c002,,K:\data\photo\厦门\1\DSC_1392.NEF
厦门,1,DSC_1409.NEF,1,0,False,ok,0.9616,11.612,13.836,16.336,17.487,16.336,5.038,-7.002,-7.773,57.0,46.0,253.0,255.0,0.0,0.0,37.71,30.908,1.5,f0e0f0f0f0b8f0f0,,K:\data\photo\厦门\1\DSC_1409.NEF
厦门,1,DSC_1412.NEF,1,0,False,ok,0.9907,5.545,7.038,9.986,10.793,9.986,3.637,-4.13,-0.68,5.0,3.0,250.0,231.0,2.112,3.828,4.057,4.069,1.5,e0e0e0e0e0e0e0a8,,K:\data\photo\厦门\1\DSC_1412.NEF
厦门,1,DSC_1414.NEF,1,0,False,ok,0.992,5.024,6.472,7.945,8.754,7.945,3.585,-3.519,-0.053,4.0,3.0,249.0,221.0,3.033,5.57,2.975,2.972,1.5,e0e0e0e2e0e0e1a9,,K:\data\photo\厦门\1\DSC_1414.NEF
厦门,1,DSC_1431.NEF,8,-1,False,ok,0.9956,4.552,5.917,6.714,7.339,62.521,3.354,-2.823,-1.224,3.0,3.0,251.0,230.0,20.119,20.805,6.709,6.661,1.5,ce6e7cfee6fefeee,,K:\data\photo\厦门\1\DSC_1431.NEF
厦门,1,DSC_1432.NEF,1,0,False,ok,0.9909,3.926,6.303,8.29,10.049,8.29,3.148,-2.015,-1.201,3.0,2.0,251.0,234.0,17.862,24.653,3.505,4.231,1.5,a636b7b3bb9b9bc3,,K:\data\photo\厦门\1\DSC_1432.NEF
厦门,1,DSC_1436.NEF,1,0,False,ok,0.9923,5.041,7.22,9.492,11.771,9.492,3.632,-3.069,-1.674,3.0,3.0,251.0,233.0,11.061,14.376,4.246,5.407,1.5,96969693969a9e86,,K:\data\photo\厦门\1\DSC_1436.NEF
厦门,1,DSC_1438.NEF,1,0,False,ok,0.9921,5.166,7.56,9.521,11.605,9.521,3.612,-3.26,-1.738,3.0,3.0,251.0,229.0,12.336,13.519,6.947,6.267,1.5,f4869696d6969e9e,,K:\data\photo\厦门\1\DSC_1438.NEF
厦门,1,DSC_1442.NEF,8,-1,False,ok,0.982,4.347,7.114,8.666,9.123,57.632,-2.234,-3.718,-0.281,3.0,2.0,245.0,228.0,11.908,13.27,0.622,3.204,1.5,b8fc3cbcbcb8acfc,,K:\data\photo\厦门\1\DSC_1442.NEF
厦门,1,DSC_1446.NEF,1,0,False,ok,0.9864,2.953,6.623,9.392,12.409,9.392,0.37,-2.915,0.294,3.0,4.0,248.0,234.0,9.133,3.294,6.37,8.145,1.5,f09696969296961e,,K:\data\photo\厦门\1\DSC_1446.NEF
厦门,1,DSC_1447.NEF,1,0,False,ok,0.9859,3.241,6.595,9.594,12.274,9.594,0.759,-3.151,0.011,4.0,3.0,248.0,229.0,11.15,10.212,3.949,7.539,1.5,f096949595959d8e,,K:\data\photo\厦门\1\DSC_1447.NEF
厦门,1,DSC_1453.NEF,1,0,False,ok,0.9828,4.034,6.003,7.822,7.91,7.822,1.122,-3.574,-1.497,2.0,2.0,248.0,224.0,21.249,31.397,3.201,6.739,1.5,f8f8d8d979c955f5,,K:\data\photo\厦门\1\DSC_1453.NEF
厦门,1,DSC_1454.NEF,1,0,False,ok,0.984,3.927,6.007,7.693,7.879,7.693,-0.666,-3.683,-1.189,2.0,2.0,244.0,224.0,21.788,26.544,1.323,5.212,1.5,f0f0d0d8dcaca6dc,,K:\data\photo\厦门\1\DSC_1454.NEF
厦门,1,DSC_1456.NEF,1,0,False,ok,0.9834,4.583,6.475,8.368,8.466,8.368,1.378,-4.213,-1.163,3.0,2.0,248.0,223.0,17.992,21.74,2.166,4.819,1.5,f0f092f296b2aab8,,K:\data\photo\厦门\1\DSC_1456.NEF
厦门,1,DSC_1478.NEF,1,0,False,ok,0.9799,12.443,13.927,16.187,17.526,16.187,-2.507,-9.449,-7.698,11.0,5.0,222.17,225.0,0.409,0.942,0.922,2.181,1.5,f0f0f0f0f0d4f0f0,,K:\data\photo\厦门\1\DSC_1478.NEF
厦门,1,DSC_1489.NEF,1,0,False,ok,0.9834,12.483,13.914,15.901,16.963,15.901,-0.249,-9.652,-7.912,10.0,4.0,248.0,244.0,0.516,1.277,0.845,1.761,1.5,f0f0f0f0d1f0f0f8,,K:\data\photo\厦门\1\DSC_1489.NEF
厦门,1,DSC_1493.NEF,1,0,False,ok,0.9852,8.412,10.096,11.826,13.075,11.826,-1.284,-6.612,-5.039,8.0,4.0,156.0,169.0,0.922,1.614,0.322,0.682,1.5,f0f0f8f8f8f8e8f8,,K:\data\photo\厦门\1\DSC_1493.NEF
厦门,1,DSC_1500.NEF,6,1,False,ok,0.9869,5.827,8.833,13.179,15.267,51.717,0.614,-5.085,-2.778,5.0,3.0,206.0,201.0,3.024,9.941,7.188,16.178,1.5,3838100c040c0430,,K:\data\photo\厦门\1\DSC_1500.NEF
厦门,1,DSC_1503.NEF,6,1,False,ok,0.9883,5.953,9.062,12.851,15.065,48.259,0.865,-4.974,-3.154,3.0,3.0,208.0,198.0,5.695,14.268,8.7,16.746,1.5,38181c0306060218,,K:\data\photo\厦门\1\DSC_1503.NEF
厦门,1,DSC_1504.NEF,6,1,False,ok,0.9876,6.035,9.075,12.742,15.088,47.738,0.631,-5.091,-3.179,3.0,3.0,210.0,199.0,6.811,15.462,8.571,16.838,1.5,1c1c140112061610,,K:\data\photo\厦门\1\DSC_1504.NEF
厦门,1,DSC_1508.NEF,6,1,False,ok,0.9881,5.523,8.24,12.195,14.723,48.86,-0.394,-4.813,-2.68,3.0,3.0,208.0,198.0,15.271,19.013,6.509,16.717,1.5,3c2c010217871314,,K:\data\photo\厦门\1\DSC_1508.NEF
厦门,1,DSC_1509.NEF,6,1,False,ok,0.9886,5.845,8.538,12.321,14.809,48.216,1.951,-4.978,-2.362,4.0,3.0,217.0,197.0,12.252,17.706,10.747,15.966,1.5,3c2c010213870310,,K:\data\photo\厦门\1\DSC_1509.NEF
厦门,1,DSC_1515.NEF,6,1,False,ok,0.9839,13.649,14.726,16.829,18.225,34.504,-4.075,-9.773,-8.612,24.0,14.0,215.0,217.0,0.032,0.16,0.649,1.637,1.5,0707060406060606,,K:\data\photo\厦门\1\DSC_1515.NEF
厦门,1,DSC_1517.NEF,6,1,False,ok,0.9856,12.79,13.831,16.084,17.685,35.078,-3.428,-9.967,-7.246,28.0,17.0,230.0,228.0,0.016,0.123,0.797,1.761,1.5,0505070607070705,,K:\data\photo\厦门\1\DSC_1517.NEF
厦门,1,DSC_1521.NEF,1,0,False,ok,0.9767,10.711,12.199,15.366,16.621,15.366,-2.077,-8.594,-6.046,10.0,5.0,222.0,222.0,0.356,0.721,0.641,1.275,1.5,e0e0e081f1e1e0e0,,K:\data\photo\厦门\1\DSC_1521.NEF
厦门,1,DSC_1527.NEF,1,0,False,ok,0.9859,4.344,6.539,9.464,11.055,9.464,0.558,-3.837,-1.958,2.0,2.0,130.0,146.0,14.283,22.812,0.0,0.001,1.5,e0d096b43c38183e,,K:\data\photo\厦门\1\DSC_1527.NEF
厦门,1,DSC_1528.NEF,1,0,False,ok,0.9862,4.226,6.336,9.067,10.624,9.067,0.732,-3.725,-1.858,2.0,2.0,129.0,145.0,16.924,23.217,0.0,0.0,1.5,d09894bc3c3c183f,,K:\data\photo\厦门\1\DSC_1528.NEF
厦门,1,DSC_1529.NEF,8,-1,False,ok,0.9947,4.729,6.689,8.4,9.47,41.413,-0.691,-4.176,-2.109,1.0,2.0,144.0,163.0,24.791,29.218,0.032,0.049,1.5,0f1f3f1fbff7e7e7,,K:\data\photo\厦门\1\DSC_1529.NEF
厦门,1,DSC_1531.NEF,8,-1,False,ok,0.996,5.674,7.471,9.12,10.39,42.945,-1.904,-4.476,-2.921,1.0,2.0,141.0,161.0,33.806,35.055,0.356,0.554,1.5,ff7fd7f7777fefa7,,K:\data\photo\厦门\1\DSC_1531.NEF
厦门,1,DSC_1532.NEF,6,1,False,ok,0.9958,9.821,11.227,12.563,13.576,30.507,-2.04,-7.731,-5.702,20.0,10.0,144.0,162.0,0.047,0.213,0.037,0.065,1.5,0506060606060606,,K:\data\photo\厦门\1\DSC_1532.NEF
厦门,1,DSC_1533.NEF,6,1,False,ok,0.9958,9.454,10.862,12.139,12.997,28.379,-2.657,-7.7,-4.799,20.0,10.0,139.0,160.0,0.042,0.242,0.035,0.061,1.5,0504060606060406,,K:\data\photo\厦门\1\DSC_1533.NEF
厦门,101XM_02,DSC_1534.NEF,1,0,False,ok,0.9882,5.336,15.088,19.128,20.325,19.128,-3.219,3.64,-2.205,16.0,7.0,235.0,252.0,0.051,1.241,0.249,2.315,1.5,021253bdf5e6d0f0,,K:\data\photo\厦门\101XM_02\DSC_1534.NEF
厦门,101XM_02,DSC_1537.NEF,8,-1,False,ok,0.984,2.33,13.235,18.945,20.479,55.026,-2.032,1.14,-0.039,15.0,6.0,223.0,243.0,0.069,1.433,0.143,0.786,1.5,8e8f4c3fb89fd3cc,,K:\data\photo\厦门\101XM_02\DSC_1537.NEF
厦门,101XM_02,DSC_1538.NEF,8,-1,False,ok,0.9859,4.049,14.411,20.021,21.387,55.623,-2.203,-0.99,3.25,15.0,7.0,226.0,246.0,0.047,1.335,0.137,1.547,1.5,16985f3178979998,,K:\data\photo\厦门\101XM_02\DSC_1538.NEF
厦门,101XM_02,DSC_1544.NEF,8,-1,False,ok,0.9822,7.052,12.474,18.514,19.985,47.962,-1.782,-3.305,5.969,15.0,6.0,231.0,248.0,0.055,1.185,0.16,1.165,1.5,3e30df61702e3030,,K:\data\photo\厦门\101XM_02\DSC_1544.NEF
厦门,101XM_02,DSC_1550.NEF,8,-1,False,ok,0.9849,5.062,12.819,18.904,20.455,51.677,-1.987,-1.996,4.206,15.0,7.0,228.0,247.0,0.027,1.176,0.147,1.102,1.5,be989e697857bd98,,K:\data\photo\厦门\101XM_02\DSC_1550.NEF
厦门,101XM_02,DSC_1551.NEF,8,-1,False,ok,0.9856,5.142,12.8,18.859,20.371,51.601,-1.978,-2.059,4.277,16.0,7.0,229.0,248.0,0.027,1.085,0.147,1.158,1.5,bc909e637016ab98,,K:\data\photo\厦门\101XM_02\DSC_1551.NEF
厦门,101XM_02,DSC_1553.NEF,8,-1,False,ok,0.9851,4.669,12.747,18.926,20.332,52.238,-2.068,-1.803,3.778,16.0,7.0,228.0,247.0,0.02,1.255,0.158,1.171,1.5,169a5e637896bb98,,K:\data\photo\厦门\101XM_02\DSC_1553.NEF
厦门,101XM_02,DSC_1561.NEF,8,-1,False,ok,0.9743,3.739,10.942,17.725,20.355,44.548,-3.027,-1.941,1.025,10.0,4.0,253.0,251.0,0.451,1.992,1.879,2.144,1.5,24b8cc2c3c98307e,,K:\data\photo\厦门\101XM_02\DSC_1561.NEF
厦门,101XM_02,DSC_1562.NEF,8,-1,False,ok,0.975,3.757,10.961,18.088,20.664,44.442,-3.145,-1.874,0.843,11.0,4.0,253.0,251.0,0.366,1.553,1.892,2.289,1.5,64284e3c1c98307e,,K:\data\photo\厦门\101XM_02\DSC_1562.NEF
厦门,101XM_02,DSC_1567.NEF,8,-1,False,ok,0.9882,3.891,11.819,17.07,18.677,52.07,-1.323,-1.36,3.397,15.0,6.0,239.0,247.0,0.051,1.947,0.189,1.067,1.5,9c9e383f58c7d8d8,,K:\data\photo\厦门\101XM_02\DSC_1567.NEF
厦门,101XM_02,DSC_1568.NEF,8,-1,False,ok,0.9899,3.998,12.457,17.184,18.618,53.364,-2.052,-1.09,3.254,15.0,7.0,244.0,251.0,0.016,1.432,0.353,1.228,1.5,988ed83f385758f8,,K:\data\photo\厦门\101XM_02\DSC_1568.NEF
厦门,101XM_02,DSC_1573.NEF,8,-1,False,ok,0.9643,4.521,13.567,17.033,18.02,55.675,-3.121,-0.469,3.238,14.0,6.0,241.0,251.0,0.026,2.533,0.329,1.246,1.5,d8886c7c9c3cb8f8,,K:\data\photo\厦门\101XM_02\DSC_1573.NEF
厦门,101XM_02,DSC_1577.NEF,1,0,False,ok,0.9834,2.829,11.664,15.091,15.727,15.091,-2.411,0.014,1.481,15.0,7.0,251.0,253.0,0.01,1.684,0.852,1.987,1.5,8a0f0e0ab5e5c6e2,,K:\data\photo\厦门\101XM_02\DSC_1577.NEF
厦门,101XM_02,DSC_1587.NEF,1,0,False,ok,0.9865,3.211,13.571,18.717,20.229,18.717,-2.529,1.691,-1.028,13.0,6.0,219.0,245.0,0.18,2.049,0.054,8.493,1.5,820a8ac5d5def8c0,,K:\data\photo\厦门\101XM_02\DSC_1587.NEF
厦门,101XM_02,DSC_1593.NEF,1,0,False,ok,0.9599,3.326,14.106,17.737,18.319,17.737,-2.77,0.302,1.816,19.0,8.0,250.0,253.0,0.057,0.949,0.615,6.053,1.5,080c0d95fbf28332,,K:\data\photo\厦门\101XM_02\DSC_1593.NEF
厦门,101XM_02,DSC_1596.NEF,1,0,False,ok,0.9606,3.403,14.116,17.79,18.367,17.79,-2.778,0.24,1.951,18.0,8.0,250.0,253.0,0.031,1.186,0.609,7.247,1.5,080e0d95b3f28332,,K:\data\photo\厦门\101XM_02\DSC_1596.NEF
厦门,101XM_02,DSC_1602.NEF,8,-1,False,ok,0.9779,3.953,12.546,17.816,19.265,55.524,-1.469,-1.534,3.334,26.0,13.0,237.0,252.0,0.0,0.098,1.105,39.489,1.5,301c3e109f9f928f,,K:\data\photo\厦门\101XM_02\DSC_1602.NEF
厦门,101XM_02,DSC_1608.NEF,8,-1,False,ok,0.9813,2.865,12.842,17.633,19.005,58.923,-1.872,-0.627,2.076,30.0,14.0,233.0,251.0,0.0,0.153,0.853,37.011,1.5,989c8e988fd8d3ce,,K:\data\photo\厦门\101XM_02\DSC_1608.NEF
厦门,101XM_02,DSC_1610.NEF,1,0,False,ok,0.9859,3.526,9.911,15.616,18.739,15.616,-0.82,0.835,-3.326,8.0,4.0,236.0,236.0,0.825,3.628,0.252,1.135,1.5,f0999991999098d9,,K:\data\photo\厦门\101XM_02\DSC_1610.NEF
厦门,101XM_02,DSC_1611.NEF,1,0,False,ok,0.9765,6.613,11.156,16.93,18.561,16.93,-1.604,-3.309,5.496,34.0,15.0,252.0,255.0,0.001,0.303,1.705,43.166,1.5,90981a484cd4d6d0,,K:\data\photo\厦门\101XM_02\DSC_1611.NEF
厦门,101XM_02,DSC_1615.NEF,1,0,False,ok,0.984,2.869,11.364,16.407,18.158,16.407,-2.107,-0.904,1.724,23.0,9.0,252.0,254.0,0.018,0.93,1.602,27.847,1.5,96165c54da9a965d,,K:\data\photo\厦门\101XM_02\DSC_1615.NEF
厦门,101XM_02,DSC_1617.NEF,1,0,False,ok,0.9855,2.87,10.36,14.947,16.772,14.947,-2.862,-0.209,0.006,19.0,9.0,253.0,253.0,0.019,0.601,1.729,14.931,1.5,165e34be9b921b1e,,K:\data\photo\厦门\101XM_02\DSC_1617.NEF
厦门,101XM_02,DSC_1618.NEF,1,0,False,ok,0.9869,10.612,13.576,19.274,21.359,19.274,-4.603,4.851,-8.24,9.0,5.0,197.0,231.0,0.602,3.847,0.116,0.763,1.5,2c2ca01e1e26579c,,K:\data\photo\厦门\101XM_02\DSC_1618.NEF
厦门,101XM_02,DSC_1621.NEF,8,-1,False,ok,0.9775,8.413,14.091,16.821,17.995,48.091,-2.05,-3.699,7.272,48.0,32.0,244.0,248.0,0.001,0.155,0.83,50.678,1.5,3098b89cb49cb0e0,,K:\data\photo\厦门\101XM_02\DSC_1621.NEF
厦门,101XM_02,DSC_1622.NEF,8,-1,False,ok,0.9758,8.563,13.272,16.053,17.202,46.411,-2.124,-3.873,7.336,45.0,27.0,243.0,248.0,0.001,0.2,0.75,42.457,1.5,20b838bcb0bcb0e0,,K:\data\photo\厦门\101XM_02\DSC_1622.NEF
厦门,101XM_02,DSC_1638.NEF,1,0,False,ok,0.9638,5.24,11.296,18.473,20.739,18.473,-2.456,2.436,-3.937,23.0,12.0,248.0,251.0,0.0,0.191,0.53,11.551,1.5,c0d42ea4acb8b09c,,K:\data\photo\厦门\101XM_02\DSC_1638.NEF
厦门,101XM_02,DSC_1643.NEF,1,0,False,ok,0.9716,2.928,9.702,16.235,18.861,16.235,-1.956,0.508,-2.119,19.0,9.0,246.0,246.0,0.011,0.301,0.434,0.967,1.5,c0885830181890b0,,K:\data\photo\厦门\101XM_02\DSC_1643.NEF
厦门,101XM_02,DSC_1661.NEF,1,0,False,ok,0.9792,13.232,13.637,15.135,15.95,15.135,-1.338,-6.064,11.684,22.0,12.0,253.0,247.0,0.035,0.313,2.944,56.635,1.5,800000004c4e646e,,K:\data\photo\厦门\101XM_02\DSC_1661.NEF
厦门,101XM_02,DSC_1663.NEF,1,0,False,ok,0.9808,11.932,12.843,14.307,15.219,14.307,-1.672,-5.275,10.571,21.0,11.0,252.0,248.0,0.007,0.282,1.407,29.535,1.5,80000010763e3c34,,K:\data\photo\厦门\101XM_02\DSC_1663.NEF
厦门,101XM_02,DSC_1674.NEF,1,0,False,ok,0.9771,11.032,12.236,14.212,15.003,14.212,-1.656,-5.17,9.604,31.0,16.0,252.0,252.0,0.009,0.186,1.269,39.771,1.5,8000000c1e8d2cea,,K:\data\photo\厦门\101XM_02\DSC_1674.NEF
厦门,101XM_02,DSC_1680.NEF,1,0,False,ok,0.9471,13.702,15.672,20.74,21.501,20.74,-2.239,9.706,-9.408,23.0,7.0,252.0,255.0,0.028,14.281,1.175,5.546,1.5,c0a2a3461fb1a894,,K:\data\photo\厦门\101XM_02\DSC_1680.NEF
厦门,101XM_02,DSC_1682.NEF,1,0,False,ok,0.9474,13.852,15.811,20.761,21.452,20.761,-2.356,9.792,-9.51,24.0,7.0,252.0,255.0,0.022,13.912,1.125,5.453,1.5,c0a2a3461bb1a890,,K:\data\photo\厦门\101XM_02\DSC_1682.NEF
厦门,101XM_02,DSC_1693.NEF,8,-1,False,ok,0.9748,2.359,12.039,17.152,18.693,56.23,0.114,2.14,-0.987,29.0,13.0,252.0,255.0,0.0,0.344,16.03,25.73,1.5,a7accccecc1a4c6c,,K:\data\photo\厦门\101XM_02\DSC_1693.NEF
厦门,101XM_02,DSC_1705.NEF,8,-1,False,ok,0.9708,1.759,12.437,15.165,16.066,61.365,1.043,1.058,0.942,26.0,14.0,250.0,254.0,0.0,0.126,36.796,46.715,1.5,b89c9c9e9a56d890,,K:\data\photo\厦门\101XM_02\DSC_1705.NEF
厦门,101XM_02,DSC_1709.NEF,8,-1,False,ok,0.98,4.886,9.118,12.905,15.037,35.335,-3.247,-2.333,2.809,16.0,8.0,226.0,224.0,0.041,0.899,0.142,0.923,1.5,d7d393337f9bd3f3,,K:\data\photo\厦门\101XM_02\DSC_1709.NEF
厦门,101XM_02,DSC_1718.NEF,8,-1,False,ok,0.9238,4.471,8.169,14.576,15.375,36.964,0.537,-3.754,2.369,23.0,13.0,253.0,253.0,0.003,0.599,21.386,28.48,1.5,c6eded1c2c6268e8,,K:\data\photo\厦门\101XM_02\DSC_1718.NEF
厦门,101XM_02,DSC_1719.NEF,8,-1,False,ok,0.9245,4.087,7.972,14.541,15.43,36.999,0.64,-3.53,1.958,24.0,13.0,253.0,254.0,0.004,0.697,20.934,25.996,1.5,c6ccee9c2c6a68ec,,K:\data\photo\厦门\101XM_02\DSC_1719.NEF
厦门,101XM_02,DSC_1744.NEF,1,0,False,ok,0.9561,2.839,4.15,6.394,6.456,6.394,2.485,-0.96,0.982,4.0,2.0,100.0,110.0,4.267,15.768,0.0,0.001,1.5,fcb81ab6175d599a,,K:\data\photo\厦门\101XM_02\DSC_1744.NEF
厦门,101XM_02,DSC_1745.NEF,1,0,False,ok,0.946,6.167,6.735,8.507,8.727,8.507,6.059,-0.157,1.139,4.0,2.0,105.0,101.0,2.838,19.122,0.0,0.0,1.5,d49cd8c9cd8cec8c,,K:\data\photo\厦门\101XM_02\DSC_1745.NEF
厦门,101XM_02,DSC_1746.NEF,1,0,False,ok,0.9843,6.11,8.116,10.287,10.776,10.287,4.099,-4.236,-1.61,6.0,3.0,154.0,162.0,3.113,16.961,0.0,0.0,1.5,92131350c2c2c3c3,,K:\data\photo\厦门\101XM_02\DSC_1746.NEF
厦门,101XM_02,DSC_1754.NEF,1,0,False,ok,0.9823,6.396,8.963,11.681,12.253,11.681,3.949,-4.747,-1.667,8.0,4.0,164.0,176.0,1.645,13.783,0.0,0.0,1.5,1793b1d2d2d2c3c1,,K:\data\photo\厦门\101XM_02\DSC_1754.NEF
厦门,101XM_02,DSC_1760.NEF,1,0,False,ok,0.8787,5.589,6.862,12.384,12.608,12.384,5.543,-0.267,-0.663,8.0,3.0,121.0,130.0,6.805,40.772,0.0,0.0,1.5,f4c4c4d898dadca4,,K:\data\photo\厦门\101XM_02\DSC_1760.NEF
厦门,101XM_02,DSC_1762.NEF,1,0,False,ok,0.8767,5.776,6.978,12.291,12.598,12.291,5.742,-0.357,-0.511,7.0,2.0,120.0,128.0,8.429,40.283,0.0,0.0,1.5,eac5c8b8b2bc98e8,,K:\data\photo\厦门\101XM_02\DSC_1762.NEF
厦门,101XM_02,DSC_1773.NEF,6,1,False,ok,0.9938,3.251,4.757,6.616,7.707,25.721,2.485,0.583,2.014,8.0,4.0,120.0,125.0,0.909,10.018,0.0,0.0,1.5,864c6c7913a48cf0,,K:\data\photo\厦门\101XM_02\DSC_1773.NEF
厦门,101XM_02,DSC_1778.NEF,6,1,False,ok,0.9929,3.628,4.798,6.228,7.089,24.041,2.825,0.625,2.188,7.0,3.0,118.0,122.0,1.207,9.849,0.0,0.0,1.5,064c6c243980a8e0,,K:\data\photo\厦门\101XM_02\DSC_1778.NEF
厦门,101XM_02,DSC_1780.NEF,1,0,False,ok,0.9854,5.922,6.259,8.959,10.642,8.959,5.753,0.659,1.242,5.0,2.0,111.0,101.0,6.046,44.981,0.0,0.0,1.5,e3abe8288a8e06d6,,K:\data\photo\厦门\101XM_02\DSC_1780.NEF
厦门,101XM_02,DSC_1781.NEF,1,0,False,ok,0.986,5.678,6.028,8.785,10.474,8.785,5.512,0.673,1.188,4.0,2.0,111.0,101.0,6.147,38.324,0.0,0.0,1.5,e3abe8288a8e06d2,,K:\data\photo\厦门\101XM_02\DSC_1781.NEF
厦门,101XM_02,DSC_1785.NEF,1,0,False,ok,0.9769,5.546,6.827,8.028,8.449,8.028,5.493,-0.245,0.731,5.0,2.0,106.0,98.0,11.225,34.755,0.0,0.0,1.5,acd4d4484c89c2e2,,K:\data\photo\厦门\101XM_02\DSC_1785.NEF
厦门,101XM_02,DSC_1789.NEF,1,0,False,ok,0.9403,5.301,6.302,8.702,8.9,8.702,5.148,0.317,1.224,5.0,3.0,93.0,79.0,12.376,46.665,0.0,0.0,1.5,f8cc686a6ac855e0,,K:\data\photo\厦门\101XM_02\DSC_1789.NEF
厦门,101XM_02,DSC_1799.NEF,1,0,False,ok,0.969,8.438,8.696,9.635,9.833,9.635,8.033,1.288,2.239,5.0,2.0,95.0,80.0,3.914,17.487,0.0,0.0,1.5,f4f87a723e0692d5,,K:\data\photo\厦门\101XM_02\DSC_1799.NEF
厦门,101XM_02,DSC_1806.NEF,1,0,False,ok,0.9228,7.855,8.17,9.207,9.355,9.207,7.576,0.885,1.877,5.0,2.0,86.0,75.0,1.756,27.695,0.0,0.0,1.5,b0cc3672723292a8,,K:\data\photo\厦门\101XM_02\DSC_1806.NEF
厦门,101XM_02,DSC_1812.NEF,1,0,False,ok,0.9486,7.246,7.673,8.886,9.125,8.886,6.939,0.582,2.004,7.0,2.0,98.0,91.0,0.917,26.289,0.0,0.0,1.5,b08c36235372d3a0,,K:\data\photo\厦门\101XM_02\DSC_1812.NEF
厦门,101XM_02,DSC_1816.NEF,1,0,False,ok,0.9874,5.321,8.74,10.718,11.136,10.718,0.75,-5.123,-1.228,8.0,3.0,149.0,162.0,0.398,28.406,0.0,0.0,1.5,78fdf6f2f3f3e3a0,,K:\data\photo\厦门\101XM_02\DSC_1816.NEF
厦门,101XM_02,DSC_1821.NEF,1,0,False,ok,0.9724,5.165,6.313,21.045,23.522,21.045,1.664,-4.116,-2.64,20.0,11.0,142.0,124.0,8.651,42.988,0.0,0.0,1.5,f0c1496aa54575c0,,K:\data\photo\厦门\101XM_02\DSC_1821.NEF
厦门,101XM_02,DSC_1824.NEF,1,0,False,ok,0.9499,7.926,9.896,12.439,13.982,12.439,-6.575,-4.404,-0.455,30.0,12.0,213.0,224.0,0.0,0.083,0.043,0.285,1.5,cecece8f2e1a1cc8,,K:\data\photo\厦门\101XM_02\DSC_1824.NEF
厦门,101XM_02,DSC_1826.NEF,1,0,False,ok,0.9691,8.327,11.001,18.39,20.096,18.39,-2.762,0.222,-7.853,25.0,15.0,251.0,246.0,0.007,0.16,0.694,1.2,1.5,c3e02810cc8c2878,,K:\data\photo\厦门\101XM_02\DSC_1826.NEF
厦门,101XM_02,DSC_1827.NEF,1,0,False,ok,0.9685,3.372,7.827,13.057,14.416,13.057,-0.331,-0.105,-3.355,23.0,14.0,217.0,232.0,0.002,0.015,0.194,0.454,1.5,b545c08090c89850,,K:\data\photo\厦门\101XM_02\DSC_1827.NEF
厦门,101XM_02,DSC_1833.NEF,8,-1,False,ok,0.9816,7.022,8.795,12.182,13.357,34.952,-2.314,-4.315,5.034,18.0,6.0,221.0,221.0,0.006,0.843,0.018,10.089,1.5,8c9cc86bdbe8ac4c,,K:\data\photo\厦门\101XM_02\DSC_1833.NEF
厦门,101XM_02,DSC_1834.NEF,8,-1,False,ok,0.9824,7.393,9.283,12.743,13.972,39.861,-1.926,-4.243,5.74,15.0,5.0,223.0,221.0,0.019,1.269,0.019,3.99,1.5,989838defed87848,,K:\data\photo\厦门\101XM_02\DSC_1834.NEF
厦门,101XM_02,DSC_1841.NEF,8,-1,False,ok,0.9844,5.788,8.931,12.247,13.264,36.512,-0.194,-0.224,-5.78,35.0,22.0,226.0,237.0,0.0,0.016,0.17,0.292,1.5,cc88828524440400,,K:\data\photo\厦门\101XM_02\DSC_1841.NEF
厦门,101XM_02,DSC_1844.NEF,8,-1,False,ok,0.9898,12.246,14.3,16.119,17.636,29.994,-4.16,1.211,-11.454,22.0,12.0,199.0,218.0,0.003,0.001,0.136,0.277,1.5,808080c88c8cf080,,K:\data\photo\厦门\101XM_02\DSC_1844.NEF
厦门,101XM_02,DSC_1845.NEF,8,-1,False,ok,0.9892,8.61,11.809,15.555,17.828,32.19,-2.692,-0.013,-8.178,22.0,10.0,217.0,228.0,0.003,0.885,0.077,0.155,1.5,900020443a2432a0,,K:\data\photo\厦门\101XM_02\DSC_1845.NEF
厦门,101XM_02,DSC_1850.NEF,1,0,False,ok,0.9854,5.538,9.594,14.955,17.624,14.955,-0.781,-0.731,-5.433,21.0,10.0,253.0,248.0,0.022,0.22,2.722,0.703,1.5,4b7bcfcf6f4f8e8e,,K:\data\photo\厦门\101XM_02\DSC_1850.NEF
厦门,101XM_02,DSC_1855.NEF,8,-1,False,ok,0.9721,2.317,6.68,18.711,21.245,42.024,-1.226,-1.682,-1.017,25.0,13.0,251.0,246.0,0.003,0.493,2.387,9.237,1.5,e3e363634f6767e7,,K:\data\photo\厦门\101XM_02\DSC_1855.NEF
厦门,101XM_02,DSC_1857.NEF,6,1,False,ok,0.9805,8.086,10.942,26.766,28.295,48.883,4.764,6.395,-1.338,32.0,9.0,253.0,252.0,0.0,19.296,20.567,32.32,1.5,3c14968ec1c1c182,,K:\data\photo\厦门\101XM_02\DSC_1857.NEF
厦门,101XM_02,DSC_1864.NEF,1,0,False,ok,0.9741,1.462,6.225,13.285,15.026,13.285,0.889,-0.867,-0.772,17.0,9.0,252.0,253.0,0.058,3.739,1.644,2.603,1.5,dccc36edfaef377d,,K:\data\photo\厦门\101XM_02\DSC_1864.NEF
厦门,101XM_02,DSC_1873.NEF,1,0,False,weak,0.8482,5.552,8.239,17.529,17.724,17.529,1.523,-4.429,2.982,27.0,7.0,246.0,254.0,0.003,2.483,12.827,40.615,1.5,a0b00c8684d456f4,,K:\data\photo\厦门\101XM_02\DSC_1873.NEF
厦门,101XM_02,DSC_1875.NEF,6,1,False,ok,0.9844,2.434,5.74,11.294,12.91,40.973,-0.847,0.416,-2.243,11.0,6.0,226.0,246.0,0.918,8.03,4.525,6.926,1.5,1e1e1f2f2735b7b7,,K:\data\photo\厦门\101XM_02\DSC_1875.NEF
厦门,101XM_02,DSC_1895.NEF,1,0,False,ok,0.9902,10.903,11.753,14.57,15.656,14.57,9.697,-1.833,4.634,14.0,5.0,253.0,229.0,0.412,8.261,11.669,1.701,1.5,f8f8fccc9c9cfcce,,K:\data\photo\厦门\101XM_02\DSC_1895.NEF
厦门,101XM_02,DSC_1898.NEF,1,0,False,ok,0.9811,4.333,9.949,13.206,16.565,13.206,-2.078,-1.564,-3.465,13.0,7.0,253.0,241.0,0.03,0.386,3.728,5.416,1.5,1e028383c383c291,,K:\data\photo\厦门\101XM_02\DSC_1898.NEF
厦门,101XM_02,DSC_1907.NEF,1,0,False,ok,0.973,5.868,8.27,21.713,24.266,21.713,3.835,2.29,-3.806,29.0,13.0,253.0,255.0,0.0,1.546,8.843,14.289,1.5,0c24e0c28f9d4a47,,K:\data\photo\厦门\101XM_02\DSC_1907.NEF
厦门,101XM_02,DSC_1910.NEF,1,0,False,ok,0.9754,5.976,8.283,21.537,24.144,21.537,3.636,2.458,-4.057,29.0,13.0,253.0,255.0,0.0,1.588,8.837,14.264,1.5,ac64c2c28f1c5b43,,K:\data\photo\厦门\101XM_02\DSC_1910.NEF
厦门,101XM_02,DSC_1912.NEF,1,0,False,ok,0.9752,5.699,8.248,21.305,23.968,21.305,1.332,2.94,-4.696,26.0,14.0,253.0,255.0,0.0,1.843,7.699,13.456,1.5,2969c18dbc5b1e4f,,K:\data\photo\厦门\101XM_02\DSC_1912.NEF
厦门,101XM_02,DSC_1913.NEF,1,0,False,ok,0.9737,6.111,8.734,21.681,24.277,21.681,3.448,2.591,-4.33,27.0,13.0,253.0,255.0,0.0,2.018,7.785,12.986,1.5,094dc18dae5b0e0f,,K:\data\photo\厦门\101XM_02\DSC_1913.NEF
厦门,101XM_02,DSC_1915.NEF,8,-1,False,ok,0.9627,5.311,7.858,22.28,24.716,43.495,3.174,1.797,-3.861,32.0,14.0,253.0,255.0,0.0,1.891,10.949,18.05,1.5,96109a1b1899d1d3,,K:\data\photo\厦门\101XM_02\DSC_1915.NEF
厦门,101XM_02,DSC_1922.NEF,8,-1,False,ok,0.9699,3.988,7.947,18.761,21.335,42.542,2.582,0.618,-2.976,30.0,15.0,253.0,255.0,0.001,1.432,11.522,14.983,1.5,898c8cb869e5f551,,K:\data\photo\厦门\101XM_02\DSC_1922.NEF
厦门,101XM_02,DSC_1929.NEF,8,-1,False,ok,0.9828,4.221,8.145,11.547,14.92,29.972,-1.923,-2.853,-2.446,19.0,15.0,253.0,245.0,0.071,0.06,5.117,1.912,1.5,e2983ab2aae0a0c9,,K:\data\photo\厦门\101XM_02\DSC_1929.NEF
厦门,101XM_02,DSC_1936.NEF,6,1,False,ok,0.9786,2.344,7.089,11.768,14.871,39.684,0.491,-1.303,-1.886,32.0,20.0,253.0,255.0,0.001,0.007,12.889,13.415,1.5,cccea72927094d84,,K:\data\photo\厦门\101XM_02\DSC_1936.NEF
厦门,101XM_02,DSC_1938.NEF,6,1,False,ok,0.9796,2.765,7.651,12.333,15.298,41.563,1.486,-1.025,-2.094,33.0,15.0,253.0,255.0,0.0,0.251,14.271,15.237,1.5,cceea32b270b81c4,,K:\data\photo\厦门\101XM_02\DSC_1938.NEF
厦门,101XM_02,DSC_1942.NEF,6,1,False,ok,0.9784,3.173,7.356,11.948,14.703,40.693,1.907,-1.896,-1.686,32.0,16.0,253.0,255.0,0.002,0.171,13.112,14.491,1.5,cee6ae23230b83ce,,K:\data\photo\厦门\101XM_02\DSC_1942.NEF
厦门,101XM_02,DSC_1959.NEF,8,-1,False,ok,0.9542,5.159,8.991,22.375,25.668,36.103,-3.323,-0.298,-3.936,21.0,14.0,253.0,251.0,0.008,0.847,1.457,2.266,1.5,2c0e2e1c1b0a541d,,K:\data\photo\厦门\101XM_02\DSC_1959.NEF
厦门,101XM_02,DSC_1962.NEF,8,-1,False,ok,0.9534,4.473,8.697,21.288,24.602,35.351,-3.107,-0.38,-3.196,21.0,14.0,253.0,251.0,0.005,0.414,1.538,2.192,1.5,2f0e0f1c180b1e4d,,K:\data\photo\厦门\101XM_02\DSC_1962.NEF
厦门,101XM_02,DSC_1963.NEF,8,-1,False,ok,0.9523,4.879,9.05,21.485,24.83,35.794,-3.132,-0.257,-3.732,21.0,15.0,253.0,251.0,0.007,0.505,1.562,2.313,1.5,2e0e2e1c391a144d,,K:\data\photo\厦门\101XM_02\DSC_1963.NEF
厦门,101XM_02,DSC_1964.NEF,8,-1,False,ok,0.9566,4.9,9.251,20.746,24.136,35.589,-3.193,-0.305,-3.704,23.0,15.0,253.0,251.0,0.004,0.433,1.583,2.171,1.5,0d0f1e180b1a441d,,K:\data\photo\厦门\101XM_02\DSC_1964.NEF
厦门,101XM_02,DSC_1966.NEF,8,-1,False,ok,0.9602,4.75,8.716,20.485,24.018,35.377,-3.543,-0.609,-3.104,25.0,15.0,252.0,249.0,0.004,0.363,0.881,2.007,1.5,0c160c090f1a1c0d,,K:\data\photo\厦门\101XM_02\DSC_1966.NEF
厦门,101XM_02,DSC_1976.NEF,8,-1,False,ok,0.9672,4.106,8.461,21.194,23.995,34.585,-2.614,-0.098,-3.165,20.0,13.0,252.0,250.0,0.012,0.688,0.9,1.11,1.5,061d0d0e2e0e1e0c,,K:\data\photo\厦门\101XM_02\DSC_1976.NEF
厦门,101XM_02,DSC_1983.NEF,1,0,False,ok,0.9678,3.608,9.147,16.587,19.28,16.587,-3.061,-1.76,-0.743,15.0,10.0,229.0,244.0,0.155,0.255,0.187,0.773,1.5,9aba1cdcc76754e4,,K:\data\photo\厦门\101XM_02\DSC_1983.NEF
厦门,101XM_02,DSC_1991.NEF,1,0,False,ok,0.964,7.428,9.045,13.946,16.224,13.946,-5.518,-4.75,1.469,15.0,7.0,238.0,241.0,0.222,0.565,0.174,0.389,1.5,e0c494e6cceeca16,,K:\data\photo\厦门\101XM_02\DSC_1991.NEF
厦门,101XM_02,DSC_1995.NEF,8,-1,False,ok,0.9802,5.357,9.647,18.167,20.716,42.749,-0.561,-3.951,3.573,12.0,5.0,253.0,252.0,0.341,1.3,4.034,23.171,1.5,9898dcd89edb1cdc,,K:\data\photo\厦门\101XM_02\DSC_1995.NEF
厦门,101XM_02,DSC_2003.NEF,8,-1,False,ok,0.9789,6.279,10.959,14.618,15.719,52.376,2.176,-3.942,4.376,29.0,20.0,252.0,254.0,0.0,0.02,43.24,50.75,1.5,b0989cce9c98b478,,K:\data\photo\厦门\101XM_02\DSC_2003.NEF
厦门,101XM_02,DSC_2005.NEF,6,1,False,ok,0.9758,7.687,11.157,14.375,15.04,49.906,2.648,-4.243,5.837,21.0,12.0,241.0,245.0,0.001,0.177,49.133,65.06,1.5,e0d1e1e7c7f3e1e0,,K:\data\photo\厦门\101XM_02\DSC_2005.NEF
厦门,101XM_02,DSC_2010.NEF,6,1,False,ok,0.9792,5.871,8.861,13.589,15.699,33.062,0.011,-4.487,3.786,13.0,6.0,244.0,225.0,0.352,0.824,6.216,15.77,1.5,9d8b0a8a1b1c8ece,,K:\data\photo\厦门\101XM_02\DSC_2010.NEF
厦门,101XM_02,DSC_2012.NEF,1,0,False,ok,0.9642,9.735,11.422,14.198,14.472,14.198,-2.752,-6.268,6.921,18.0,10.0,217.0,231.0,0.083,0.207,0.132,0.263,1.5,fefe6e98901354c0,,K:\data\photo\厦门\101XM_02\DSC_2012.NEF
厦门,101XM_02,DSC_2023.NEF,1,0,False,ok,0.9832,4.386,7.177,10.511,11.251,10.511,-3.549,-2.409,-0.918,31.0,20.0,197.0,234.0,0.0,0.046,0.0,0.303,1.5,3cc474c8eeefb4e0,,K:\data\photo\厦门\101XM_02\DSC_2023.NEF
厦门,101XM_02,DSC_2029.NEF,1,0,False,ok,0.9399,3.769,6.583,11.744,11.947,11.744,1.217,-3.549,0.354,33.0,15.0,253.0,255.0,0.0,0.346,31.22,24.009,1.5,96600ff4e4b4bedc,,K:\data\photo\厦门\101XM_02\DSC_2029.NEF
厦门,101XM_02,DSC_2036.NEF,1,0,False,ok,0.9356,2.409,6.649,9.965,10.551,9.965,-1.441,-1.699,0.917,32.0,15.0,253.0,252.0,0.0,0.087,17.552,20.451,1.5,fee204c880e0c0d0,,K:\data\photo\厦门\101XM_02\DSC_2036.NEF
厦门,101XM_02,DSC_2042.NEF,1,0,False,ok,0.9434,3.391,6.907,10.12,10.471,10.12,-1.064,-2.548,1.969,25.0,10.0,241.0,236.0,0.0,0.466,17.868,24.999,1.5,fef88810cec080a0,,K:\data\photo\厦门\101XM_02\DSC_2042.NEF
厦门,101XM_02,DSC_2049.NEF,8,-1,False,ok,0.9764,2.848,6.241,10.636,12.688,42.072,-0.252,-2.837,-0.027,17.0,8.0,253.0,252.0,0.114,0.622,19.356,25.028,1.5,b4b6b5d535b5f2f6,,K:\data\photo\厦门\101XM_02\DSC_2049.NEF
厦门,101XM_02,DSC_2056.NEF,8,-1,False,ok,0.9634,4.471,7.892,10.827,11.458,46.341,-0.203,-3.13,3.186,28.0,11.0,253.0,253.0,0.001,0.382,22.433,36.509,1.5,fcfcfcdaf2f6f4f4,,K:\data\photo\厦门\101XM_02\DSC_2056.NEF
厦门,101XM_02,DSC_2057.NEF,8,-1,False,ok,0.9655,4.469,7.632,10.612,11.264,46.74,0.037,-3.142,3.177,27.0,12.0,253.0,252.0,0.0,0.299,22.905,36.699,1.5,fcfcf89af2f6f4f4,,K:\data\photo\厦门\101XM_02\DSC_2057.NEF
厦门,101XM_02,DSC_2068.NEF,8,-1,False,ok,0.9566,5.583,9.057,11.847,12.443,51.01,-0.103,-3.674,4.204,27.0,11.0,253.0,254.0,0.001,0.373,22.332,40.944,1.5,e8e8ecdcf4f4e4e4,,K:\data\photo\厦门\101XM_02\DSC_2068.NEF
厦门,101XM_02,DSC_2077.NEF,1,0,False,ok,0.9747,7.31,10.118,12.279,12.338,12.279,0.431,-3.377,6.469,18.0,7.0,253.0,236.0,0.015,0.57,16.217,26.659,1.5,80800008c5ee84a0,,K:\data\photo\厦门\101XM_02\DSC_2077.NEF
厦门,101XM_02,DSC_2079.NEF,1,0,False,ok,0.9763,6.826,9.628,11.955,12.019,11.955,0.087,-3.268,5.993,15.0,8.0,252.0,236.0,0.024,0.446,14.48,24.97,1.5,80000088c7ec88a0,,K:\data\photo\厦门\101XM_02\DSC_2079.NEF
厦门,101XM_02,DSC_2084.NEF,1,0,False,ok,0.9772,6.2,9.347,11.407,11.407,11.407,-0.086,-3.013,5.418,12.0,6.0,252.0,235.0,0.165,1.418,13.785,24.455,1.5,80800088c79c9890,,K:\data\photo\厦门\101XM_02\DSC_2084.NEF
厦门,101XM_02,DSC_2085.NEF,1,0,False,ok,0.9779,6.046,9.299,11.152,11.139,11.152,0.033,-2.974,5.264,11.0,6.0,252.0,235.0,0.344,1.98,13.426,23.62,1.5,80008098d79c9890,,K:\data\photo\厦门\101XM_02\DSC_2085.NEF
厦门,101XM_02,DSC_2089.NEF,8,-1,False,ok,0.9847,1.503,6.916,10.475,12.024,36.762,-0.69,-1.257,0.448,13.0,7.0,250.0,233.0,0.001,0.538,1.525,1.23,1.5,cecfe7cfecdff5e6,,K:\data\photo\厦门\101XM_02\DSC_2089.NEF
厦门,101XM_02,DSC_2094.NEF,8,-1,False,ok,0.9837,1.374,6.992,10.504,12.173,37.957,-0.004,-1.212,0.648,13.0,7.0,252.0,235.0,0.002,0.513,3.75,3.699,1.5,eccecfcfcf9ee7e4,,K:\data\photo\厦门\101XM_02\DSC_2094.NEF
厦门,101XM_02,DSC_2099.NEF,8,-1,False,ok,0.9904,2.846,7.597,11.384,12.799,43.965,-0.275,-1.461,2.427,11.0,6.0,247.0,230.0,0.065,1.058,0.513,4.531,1.5,d80e0f6f1e6a6c6e,,K:\data\photo\厦门\101XM_02\DSC_2099.NEF
厦门,101XM_02,DSC_2103.NEF,8,-1,False,ok,0.9906,3.216,7.923,11.157,12.27,48.324,-0.125,-1.447,2.869,11.0,6.0,249.0,233.0,0.133,0.648,1.692,12.374,1.5,d8dc0e8e1e286c6c,,K:\data\photo\厦门\101XM_02\DSC_2103.NEF
厦门,101XM_02,DSC_2106.NEF,8,-1,False,ok,0.9853,3.732,8.628,10.152,10.316,50.86,-1.465,-1.511,3.082,11.0,7.0,253.0,236.0,0.072,0.415,4.27,19.169,1.5,d8d8cc8c9caca8a8,,K:\data\photo\厦门\101XM_02\DSC_2106.NEF
厦门,101XM_02,DSC_2112.NEF,8,-1,False,ok,0.9814,3.806,8.075,11.276,12.434,41.926,-0.664,-2.342,2.926,44.0,24.0,238.0,228.0,0.0,0.095,0.094,3.831,1.5,2c282a3e3f3f3c3c,,K:\data\photo\厦门\101XM_02\DSC_2112.NEF
厦门,101XM_02,DSC_2116.NEF,1,0,False,ok,0.9822,7.085,8.56,12.748,13.761,12.748,-3.558,-2.916,5.39,30.0,11.0,168.0,215.0,0.002,2.994,0.0,0.076,1.5,fcfefefef8f0d1d6,,K:\data\photo\厦门\101XM_02\DSC_2116.NEF
厦门,101XM_02,DSC_2117.NEF,1,0,False,ok,0.9836,6.71,8.172,12.209,13.215,12.209,-3.284,-3.01,5.018,29.0,10.0,165.0,210.0,0.014,3.216,0.0,0.056,1.5,fcfefefef8f0d1d4,,K:\data\photo\厦门\101XM_02\DSC_2117.NEF
厦门,101XM_02,DSC_2118.NEF,1,0,False,ok,0.9821,6.912,8.273,12.377,13.431,12.377,-3.668,-3.012,5.026,28.0,11.0,166.0,208.0,0.022,3.126,0.0,0.038,1.5,fcfcfefef8f0d0d6,,K:\data\photo\厦门\101XM_02\DSC_2118.NEF
厦门,101XM_02,DSC_2121.NEF,8,-1,False,ok,0.967,10.353,12.465,13.665,14.251,43.346,-2.346,-5.824,8.231,18.0,9.0,235.0,234.0,0.005,0.146,0.438,25.46,1.5,d0182c5830309898,,K:\data\photo\厦门\101XM_02\DSC_2121.NEF
厦门,101XM_02,DSC_2123.NEF,8,-1,False,ok,0.9686,10.909,13.026,14.332,15.008,43.596,-2.609,-6.076,8.676,19.0,10.0,245.0,238.0,0.0,0.147,1.223,20.994,1.5,581c2c4878d8d8d8,,K:\data\photo\厦门\101XM_02\DSC_2123.NEF
厦门,101XM_02,DSC_2124.NEF,1,0,False,ok,0.9785,8.541,9.277,9.637,13.125,9.637,-7.001,-2.497,4.208,86.0,108.0,207.0,208.0,0.0,0.0,0.035,0.072,1.5,f8f8f4f8f0f8f4f0,,K:\data\photo\厦门\101XM_02\DSC_2124.NEF
厦门,101XM_02,DSC_2127.NEF,6,1,False,ok,0.9841,7.224,9.097,11.641,12.831,35.493,-1.871,-4.177,5.589,15.0,8.0,245.0,235.0,0.011,0.171,0.398,0.661,1.5,cec6c6ccc1ceccc8,,K:\data\photo\厦门\101XM_02\DSC_2127.NEF
厦门,101XM_02,DSC_2130.NEF,8,-1,False,ok,0.9709,8.333,10.368,11.265,11.373,40.081,-2.318,-4.987,6.261,21.0,8.0,241.0,223.0,0.068,0.725,0.847,13.821,1.5,d858582c78f8f8f8,,K:\data\photo\厦门\101XM_02\DSC_2130.NEF
厦门,101XM_02,DSC_2133.NEF,8,-1,False,ok,0.9696,7.861,10.334,11.227,11.36,40.059,-2.572,-4.706,5.748,24.0,9.0,248.0,226.0,0.014,0.433,1.222,12.927,1.5,f858583828f8b8b8,,K:\data\photo\厦门\101XM_02\DSC_2133.NEF
厦门,101XM_02,DSC_2135.NEF,1,0,False,ok,0.9583,6.995,9.052,10.651,11.039,10.651,-2.309,-3.868,5.351,21.0,8.0,251.0,237.0,0.107,0.598,3.069,11.284,1.5,feffefcfcfeac9ce,,K:\data\photo\厦门\101XM_02\DSC_2135.NEF
厦门,101XM_02,DSC_2136.NEF,8,-1,False,ok,0.9732,8.854,10.91,11.849,11.968,38.733,-1.93,-4.708,7.246,21.0,8.0,251.0,233.0,0.01,0.507,3.108,16.24,1.5,f8d8d8d8b8d8f8f8,,K:\data\photo\厦门\101XM_02\DSC_2136.NEF
厦门,101XM_02,DSC_2148.NEF,1,0,False,ok,0.9842,6.696,8.345,8.917,9.074,8.917,-3.289,-3.69,4.517,17.0,9.0,213.0,216.0,0.03,0.178,0.017,0.24,1.5,fefede9e1f1a3938,,K:\data\photo\厦门\101XM_02\DSC_2148.NEF
厦门,101XM_02,DSC_2153.NEF,1,0,False,ok,0.9876,5.872,8.199,9.154,9.363,9.154,-2.952,-3.427,3.744,12.0,6.0,216.0,222.0,0.126,0.436,0.018,0.801,1.5,fefede5d29af98bb,,K:\data\photo\厦门\101XM_02\DSC_2153.NEF
厦门,101XM_02,DSC_2159.NEF,1,0,False,ok,0.9873,5.019,6.912,8.774,9.892,8.774,-2.882,-3.618,1.948,12.0,7.0,208.0,206.0,0.132,0.262,0.015,0.733,1.5,fe9c9cae2c6e5b58,,K:\data\photo\厦门\101XM_02\DSC_2159.NEF
厦门,101XM_02,DSC_2160.NEF,1,0,False,ok,0.9886,5.005,7.203,9.424,10.745,9.424,-2.69,-3.673,2.08,10.0,5.0,222.0,221.0,0.222,1.051,0.016,0.928,1.5,fe989cb62c6c785e,,K:\data\photo\厦门\101XM_02\DSC_2160.NEF
厦门,101XM_02,DSC_2169.NEF,1,0,False,ok,0.9856,7.01,8.72,10.501,11.722,10.501,-2.658,-4.364,4.799,14.0,7.0,219.0,216.0,0.087,0.531,0.01,0.908,1.5,f4d83e1c283c9e1c,,K:\data\photo\厦门\101XM_02\DSC_2169.NEF
厦门,101XM_02,DSC_2170.NEF,1,0,False,ok,0.9859,6.696,8.427,9.835,10.837,9.835,-1.92,-4.258,4.797,15.0,7.0,215.0,210.0,0.16,0.338,0.061,0.259,1.5,f0983e18289cb838,,K:\data\photo\厦门\101XM_02\DSC_2170.NEF
厦门,101XM_02,DSC_2172.NEF,8,-1,False,ok,0.9902,6.171,9.099,10.944,11.994,39.226,-1.501,-4.157,4.307,12.0,6.0,208.0,209.0,0.177,0.569,0.04,0.416,1.5,46e65ed6fefe0e2c,,K:\data\photo\厦门\101XM_02\DSC_2172.NEF
厦门,101XM_02,DSC_2181.NEF,1,0,False,ok,0.9853,6.709,8.777,10.375,12.216,10.375,-5.041,-4.081,1.718,9.0,6.0,211.0,211.0,0.227,0.189,0.035,1.099,1.5,f8d8989caeb4b6bc,,K:\data\photo\厦门\101XM_02\DSC_2181.NEF
厦门,101XM_02,DSC_2184.NEF,1,0,False,ok,0.9857,5.039,7.909,9.347,11.196,9.347,-2.265,-3.4,2.95,12.0,8.0,211.0,208.0,0.083,0.033,0.018,0.669,1.5,fcd8988cbcbcbe1e,,K:\data\photo\厦门\101XM_02\DSC_2184.NEF
厦门,101XM_02,DSC_2190.NEF,6,1,False,ok,0.9911,5.783,7.716,9.834,11.414,46.204,-0.612,-4.587,3.468,8.0,7.0,220.0,213.0,0.594,0.264,0.216,0.851,1.5,c88ab0a086818989,,K:\data\photo\厦门\101XM_02\DSC_2190.NEF
厦门,101XM_02,DSC_2193.NEF,6,1,False,ok,0.992,5.855,8.248,10.441,12.111,41.812,-0.147,-4.416,3.841,12.0,7.0,206.0,203.0,0.256,0.218,0.137,0.502,1.5,829281979484c1c0,,K:\data\photo\厦门\101XM_02\DSC_2193.NEF
厦门,101XM_02,DSC_2196.NEF,6,1,False,ok,0.9893,5.626,8.291,10.687,12.501,43.983,-0.072,-4.386,3.522,10.0,6.0,216.0,207.0,0.405,0.484,0.239,0.69,1.5,908089939286c0d0,,K:\data\photo\厦门\101XM_02\DSC_2196.NEF
厦门,101XM_02,DSC_2207.NEF,6,1,False,ok,0.9906,5.727,8.086,10.814,12.867,38.2,-2.393,-4.452,2.693,10.0,7.0,211.0,208.0,0.395,0.233,0.002,0.34,1.5,a2a1a12424848198,,K:\data\photo\厦门\101XM_02\DSC_2207.NEF
厦门,101XM_02,DSC_2208.NEF,6,1,False,ok,0.9913,4.975,8.416,11.109,13.24,42.473,0.89,-4.334,2.274,12.0,6.0,221.0,212.0,0.229,0.486,0.232,1.284,1.5,a1ac21213385a399,,K:\data\photo\厦门\101XM_02\DSC_2208.NEF
厦门,101XM_02,DSC_2217.NEF,6,1,False,ok,0.9871,6.115,8.486,10.847,12.676,39.997,-1.026,-4.733,3.733,11.0,7.0,219.0,211.0,0.265,0.331,0.191,0.69,1.5,9e91909288c1c5c8,,K:\data\photo\厦门\101XM_02\DSC_2217.NEF
厦门,101XM_02,DSC_2219.NEF,6,1,False,ok,0.9883,6.033,8.286,10.751,12.601,38.194,-1.02,-4.579,3.793,12.0,8.0,212.0,205.0,0.246,0.131,0.292,0.641,1.5,9b9690969088c1c5,,K:\data\photo\厦门\101XM_02\DSC_2219.NEF
厦门,101XM_02,DSC_2226.NEF,6,1,False,ok,0.989,6.005,8.273,11.29,13.3,42.541,-0.968,-5.054,3.095,12.0,8.0,235.0,223.0,0.256,0.165,0.057,2.009,1.5,949183969086c5c7,,K:\data\photo\厦门\101XM_02\DSC_2226.NEF
厦门,101XM_02,DSC_2231.NEF,6,1,False,ok,0.9875,9.099,10.814,11.432,11.752,43.81,-1.975,-4.828,7.455,11.0,7.0,199.0,206.0,0.117,0.257,0.011,0.351,1.5,e2e2e2e1c4c3e4e4,,K:\data\photo\厦门\101XM_02\DSC_2231.NEF
厦门,101XM_02,DSC_2233.NEF,6,1,False,ok,0.9788,9.905,11.907,12.68,13.171,43.59,-2.77,-5.297,7.897,11.0,6.0,193.0,201.0,0.097,0.539,0.004,0.747,1.5,e2e0e0e2c1e3e4e0,,K:\data\photo\厦门\101XM_02\DSC_2233.NEF
厦门,101XM_02,DSC_2235.NEF,6,1,False,ok,0.99,7.289,9.11,10.129,10.705,40.174,-1.366,-4.19,5.806,12.0,7.0,199.0,203.0,0.089,0.158,0.011,0.367,1.5,c2c4c1c0c2c0c4cc,,K:\data\photo\厦门\101XM_02\DSC_2235.NEF
厦门,101XM_02,DSC_2236.NEF,6,1,False,ok,0.9878,7.751,9.829,10.632,11.043,40.073,-2.664,-4.472,5.743,12.0,6.0,196.0,207.0,0.066,0.312,0.011,0.271,1.5,c6c6c3c0c4c1c4cc,,K:\data\photo\厦门\101XM_02\DSC_2236.NEF
厦门,101XM_02,DSC_2249.NEF,1,0,False,ok,0.9831,6.984,8.683,9.405,9.697,9.405,-4.072,-4.067,3.958,19.0,9.0,202.0,210.0,0.03,0.231,0.019,0.359,1.5,fefeefcb0e0d4c88,,K:\data\photo\厦门\101XM_02\DSC_2249.NEF
厦门,101XM_02,DSC_2251.NEF,1,0,False,ok,0.9822,6.981,8.653,9.328,9.59,9.328,-3.889,-3.903,4.287,19.0,9.0,191.0,204.0,0.023,0.202,0.0,0.261,1.5,feffdfdb1b9cd998,,K:\data\photo\厦门\101XM_02\DSC_2251.NEF
厦门,101XM_02,DSC_2252.NEF,1,0,False,ok,0.9827,6.901,8.741,9.411,9.672,9.411,-4.111,-3.933,3.905,17.0,8.0,215.0,223.0,0.024,0.263,0.02,0.285,1.5,fefede9b8f981c88,,K:\data\photo\厦门\101XM_02\DSC_2252.NEF
厦门,101XM_02,DSC_2255.NEF,1,0,False,ok,0.9797,7.036,8.858,9.5,9.641,9.5,-4.385,-3.992,3.787,17.0,8.0,193.0,209.0,0.018,0.232,0.004,0.247,1.5,fedfda9f1cd99c9e,,K:\data\photo\厦门\101XM_02\DSC_2255.NEF
厦门,101XM_02,DSC_2259.NEF,1,0,False,ok,0.9823,6.648,8.429,9.163,9.329,9.163,-4.037,-3.756,3.713,15.0,7.0,194.0,208.0,0.024,0.325,0.003,0.159,1.5,feeecccf8fcdccac,,K:\data\photo\厦门\101XM_02\DSC_2259.NEF
厦门,101XM_02,DSC_2261.NEF,1,0,False,ok,0.9822,6.848,8.635,9.532,9.785,9.532,-4.282,-3.856,3.7,15.0,7.0,194.0,211.0,0.028,0.365,0.052,0.208,1.5,fefee4e606e6a786,,K:\data\photo\厦门\101XM_02\DSC_2261.NEF
厦门,101XM_02,DSC_2262.NEF,1,0,False,ok,0.9794,6.909,8.555,9.326,9.497,9.326,-4.303,-3.809,3.835,16.0,8.0,195.0,208.0,0.018,0.272,0.007,0.199,1.5,feffeecf0fecae8d,,K:\data\photo\厦门\101XM_02\DSC_2262.NEF
厦门,101XM_02,DSC_2281.NEF,1,0,False,ok,0.9614,5.903,9.339,14.889,18.331,14.889,-2.835,-4.288,2.901,15.0,8.0,238.0,229.0,0.141,0.326,0.029,0.669,1.5,e2e2b676662daecd,,K:\data\photo\厦门\101XM_02\DSC_2281.NEF
厦门,101XM_02,DSC_2283.NEF,1,0,False,ok,0.9606,6.108,9.373,14.591,17.759,14.591,-2.53,-4.525,3.229,17.0,10.0,245.0,231.0,0.072,0.099,0.234,0.659,1.5,e0f6b63464acaccc,,K:\data\photo\厦门\101XM_02\DSC_2283.NEF
厦门,101XM_02,DSC_2288.NEF,8,-1,False,ok,0.9838,6.667,9.517,14.208,16.749,39.883,-0.306,-5.124,4.254,13.0,6.0,247.0,238.0,0.736,1.26,0.356,10.516,1.5,8cdcec8cce66ec8e,,K:\data\photo\厦门\101XM_02\DSC_2288.NEF
厦门,101XM_02,DSC_2300.NEF,8,-1,False,ok,0.9682,8.421,11.885,15.759,18.45,37.656,-2.447,-6.082,5.287,14.0,7.0,243.0,230.0,0.253,0.678,2.075,3.396,1.5,da5a16327e0eccfc,,K:\data\photo\厦门\101XM_02\DSC_2300.NEF
厦门,101XM_02,DSC_2303.NEF,8,-1,False,ok,0.9739,6.97,9.831,13.892,16.379,31.969,-2.567,-5.335,3.678,13.0,6.0,244.0,235.0,0.294,0.702,1.542,2.71,1.5,55cdcf9bdfd6e6b6,,K:\data\photo\厦门\101XM_02\DSC_2303.NEF
厦门,101XM_02,DSC_2308.NEF,8,-1,False,ok,0.9733,6.985,10.062,14.241,17.156,32.961,-2.448,-5.429,3.651,14.0,7.0,243.0,231.0,0.26,0.433,1.975,3.288,1.5,cddd97b7b7a6ae2e,,K:\data\photo\厦门\101XM_02\DSC_2308.NEF
厦门,101XM_02,DSC_2313.NEF,8,-1,False,ok,0.9723,7.481,10.221,14.283,16.879,35.125,-2.557,-5.716,4.094,14.0,7.0,243.0,232.0,0.211,0.437,1.767,3.102,1.5,9d95b3b7f7e6d6d6,,K:\data\photo\厦门\101XM_02\DSC_2313.NEF
厦门,101XM_02,DSC_2321.NEF,6,1,False,ok,0.9436,7.131,10.053,13.691,15.713,25.767,-5.079,-4.954,0.714,21.0,9.0,242.0,246.0,0.0,0.12,0.374,1.004,1.5,70f038182a2d6152,,K:\data\photo\厦门\101XM_02\DSC_2321.NEF
厦门,101XM_02,DSC_2323.NEF,6,1,False,ok,0.975,5.06,9.116,12.116,14.941,25.268,-1.454,-4.71,1.144,16.0,8.0,210.0,213.0,0.148,0.255,0.075,0.948,1.5,f48e338b279accc4,,K:\data\photo\厦门\101XM_02\DSC_2323.NEF
厦门,101XM_02,DSC_2324.NEF,6,1,False,ok,0.9783,5.157,8.621,11.387,13.304,31.003,-1.439,-4.611,1.805,14.0,7.0,213.0,214.0,0.109,0.342,0.096,1.0,1.5,bcb8b1c3946015c4,,K:\data\photo\厦门\101XM_02\DSC_2324.NEF
厦门,101XM_02,DSC_2329.NEF,1,0,False,ok,0.9669,5.684,9.554,13.263,16.512,13.263,-3.191,-4.401,1.66,13.0,7.0,241.0,219.0,0.132,0.496,3.876,5.095,1.5,fcb0b828381838ac,,K:\data\photo\厦门\101XM_02\DSC_2329.NEF
厦门,101XM_02,DSC_2330.NEF,1,0,False,ok,0.9733,6.353,10.151,13.928,16.758,13.928,-2.727,-5.36,2.048,11.0,6.0,240.0,221.0,0.33,0.614,3.1,5.127,1.5,e0fc7b4968787018,,K:\data\photo\厦门\101XM_02\DSC_2330.NEF
厦门,101XM_02,DSC_2349.NEF,1,0,False,ok,0.966,4.592,8.871,15.421,17.406,15.421,-2.476,-3.846,0.403,15.0,8.0,210.0,224.0,0.103,0.75,0.028,0.213,1.5,b8b8bc54d5958dcc,,K:\data\photo\厦门\101XM_02\DSC_2349.NEF
厦门,101XM_02,DSC_2367.NEF,6,1,False,ok,0.9885,6.295,8.329,11.314,12.662,33.091,-3.951,-3.985,2.851,12.0,6.0,206.0,221.0,0.337,1.453,0.295,0.855,1.5,c783838b979f8b13,,K:\data\photo\厦门\101XM_02\DSC_2367.NEF
厦门,101XM_02,DSC_2368.NEF,1,0,False,ok,0.9609,7.675,9.183,10.485,11.084,10.485,-3.997,-3.55,5.507,32.0,14.0,210.0,213.0,0.001,0.083,0.0,0.179,1.5,fefefefe8460e8d4,,K:\data\photo\厦门\101XM_02\DSC_2368.NEF
厦门,101XM_02,DSC_2375.NEF,8,-1,False,ok,0.9586,9.088,10.704,12.989,13.375,33.66,-2.577,-5.13,7.045,18.0,8.0,247.0,251.0,0.052,0.651,0.425,11.224,1.5,b090b2b27129d1c3,,K:\data\photo\厦门\101XM_02\DSC_2375.NEF
厦门,101XM_02,DSC_2384.NEF,8,-1,False,ok,0.9616,9.804,11.582,13.918,14.296,38.755,-2.891,-5.587,7.52,14.0,6.0,237.0,241.0,0.355,1.336,0.189,11.585,1.5,d0d0301e59bf51c2,,K:\data\photo\厦门\101XM_02\DSC_2384.NEF
厦门,101XM_02,DSC_2388.NEF,8,-1,False,ok,0.9589,9.456,11.15,13.438,13.825,38.62,-2.796,-5.304,7.312,14.0,6.0,237.0,241.0,0.392,1.332,0.199,6.532,1.5,b0f030365b3e53c6,,K:\data\photo\厦门\101XM_02\DSC_2388.NEF
厦门,101XM_02,DSC_2417.NEF,8,-1,False,ok,0.9899,10.281,11.59,13.28,14.087,31.584,-2.881,-5.406,8.257,11.0,5.0,235.0,237.0,0.491,0.806,0.09,1.095,1.5,e07243b89dbbe0e0,,K:\data\photo\厦门\101XM_02\DSC_2417.NEF
厦门,101XM_02,DSC_2421.NEF,8,-1,False,ok,0.9894,11.053,12.289,13.954,14.755,30.94,-4.474,-5.374,8.56,10.0,6.0,230.0,237.0,0.514,0.76,0.061,1.066,1.5,b0b163b85caae0a1,,K:\data\photo\厦门\101XM_02\DSC_2421.NEF
厦门,101XM_02,DSC_2422.NEF,8,-1,False,ok,0.9888,10.784,11.966,13.333,13.882,31.816,-3.08,-5.602,8.684,11.0,6.0,233.0,236.0,0.452,0.787,0.064,0.985,1.5,20e262b899abe0e1,,K:\data\photo\厦门\101XM_02\DSC_2422.NEF
厦门,101XM_02,DSC_2424.NEF,8,-1,False,ok,0.9886,10.205,11.46,12.873,13.418,31.477,-3.115,-5.358,8.108,11.0,6.0,234.0,237.0,0.213,0.81,0.071,1.059,1.5,30b063b8182ff0a0,,K:\data\photo\厦门\101XM_02\DSC_2424.NEF
厦门,101XM_02,DSC_2428.NEF,8,-1,False,ok,0.9765,8.195,9.959,12.585,13.244,33.15,-3.304,-5.223,5.382,16.0,9.0,224.0,232.0,0.114,0.538,0.04,0.474,1.5,98b1717060d0d890,,K:\data\photo\厦门\101XM_02\DSC_2428.NEF
厦门,101XM_02,DSC_2434.NEF,8,-1,False,ok,0.9587,9.877,11.413,14.653,15.433,35.128,-4.476,-5.537,6.845,10.0,6.0,216.0,233.0,0.516,0.937,0.034,0.62,1.5,d090b2f2f1e1d0d1,,K:\data\photo\厦门\101XM_02\DSC_2434.NEF
厦门,101XM_02,DSC_2435.NEF,8,-1,False,ok,0.9598,8.299,9.877,13.536,14.309,35.236,-2.415,-5.251,5.957,5.0,2.0,226.0,234.0,0.868,1.556,0.066,0.691,1.5,9890f3f0f0f1d8d0,,K:\data\photo\厦门\101XM_02\DSC_2435.NEF
厦门,101XM_02,DSC_2439.NEF,8,-1,False,ok,0.9619,8.152,9.694,13.56,14.42,36.245,-1.677,-5.187,6.06,4.0,3.0,229.0,236.0,1.21,1.84,0.081,0.653,1.5,90d0d2b230f1d0d0,,K:\data\photo\厦门\101XM_02\DSC_2439.NEF
厦门,101XM_02,DSC_2443.NEF,8,-1,False,ok,0.9594,8.282,9.876,13.752,14.623,35.929,-2.266,-5.193,6.04,4.0,2.0,224.0,235.0,1.222,2.069,0.07,0.553,1.5,9090d2b238f1d0d0,,K:\data\photo\厦门\101XM_02\DSC_2443.NEF
厦门,101XM_02,DSC_2446.NEF,8,-1,False,ok,0.957,9.776,11.21,14.729,15.593,36.639,-2.845,-5.85,7.298,4.0,3.0,228.0,236.0,0.82,1.102,0.113,0.567,1.5,b0b0b2e2a1e3f0a1,,K:\data\photo\厦门\101XM_02\DSC_2446.NEF
厦门,101XM_02,DSC_2448.NEF,8,-1,False,ok,0.9548,8.655,10.299,14.404,15.277,37.821,-2.027,-5.363,6.484,4.0,2.0,232.0,238.0,1.615,2.204,0.188,0.741,1.5,d0d0e2f2f1e3d0d1,,K:\data\photo\厦门\101XM_02\DSC_2448.NEF
厦门,101XM_02,DSC_2450.NEF,8,-1,False,ok,0.9618,8.77,10.306,14.277,15.151,37.478,-3.705,-4.8,6.337,4.0,3.0,221.0,238.0,1.627,2.273,0.075,0.634,1.5,90d0d0e2b0a1f0d0,,K:\data\photo\厦门\101XM_02\DSC_2450.NEF
厦门,101XM_02,DSC_2455.NEF,8,-1,False,ok,0.9597,10.355,12.144,15.355,16.232,35.357,-4.455,-5.434,7.607,7.0,5.0,212.0,227.0,0.507,1.109,0.023,0.548,1.5,b0b0e672e7e3b0a3,,K:\data\photo\厦门\101XM_02\DSC_2455.NEF
厦门,101XM_02,DSC_2460.NEF,8,-1,False,ok,0.9592,7.691,9.463,13.699,14.507,37.661,-0.784,-4.758,5.992,3.0,2.0,222.0,229.0,1.657,3.54,0.029,0.61,1.5,b8d8e2bae9e3f0d1,,K:\data\photo\厦门\101XM_02\DSC_2460.NEF
厦门,101XM_02,DSC_2466.NEF,8,-1,False,ok,0.9858,4.57,6.615,7.796,8.366,40.583,-2.291,-3.936,0.385,3.0,2.0,244.0,238.0,3.163,6.13,0.397,1.605,1.5,787878f878f8f8f8,,K:\data\photo\厦门\101XM_02\DSC_2466.NEF
厦门,101XM_02,DSC_2467.NEF,8,-1,False,ok,0.9886,8.915,10.74,12.52,13.18,29.462,-0.478,-5.157,7.256,10.0,4.0,168.0,204.0,0.353,1.309,0.004,0.153,1.5,c080a48480838fb0,,K:\data\photo\厦门\101XM_02\DSC_2467.NEF
厦门,101XM_02,DSC_2469.NEF,8,-1,False,ok,0.9681,3.424,9.906,13.569,13.812,58.529,0.453,1.965,-2.767,14.0,9.0,253.0,252.0,0.544,15.434,23.389,30.966,1.5,e0d8faf367ebefde,,K:\data\photo\厦门\101XM_02\DSC_2469.NEF
厦门,101XM_02,DSC_2473.NEF,1,0,False,ok,0.9841,9.663,11.426,14.401,14.866,14.401,1.387,-7.808,-5.522,17.0,8.0,248.0,224.0,0.019,0.696,10.119,23.002,1.5,e0e0e0e0e0e8accc,,K:\data\photo\厦门\101XM_02\DSC_2473.NEF
厦门,101XM_02,DSC_2478.NEF,1,0,False,ok,0.9846,8.683,10.577,13.88,14.369,13.88,1.268,-7.539,-4.117,15.0,8.0,247.0,226.0,0.051,0.454,9.052,19.995,1.5,e0e0e0e0e0ac8cce,,K:\data\photo\厦门\101XM_02\DSC_2478.NEF
厦门,101XM_02,DSC_2486.NEF,8,-1,False,ok,0.9935,2.272,5.623,8.871,10.158,33.308,1.708,-1.01,1.106,4.0,2.0,164.0,190.0,2.12,8.325,0.016,0.125,1.5,fcecf8fcfc796253,,K:\data\photo\厦门\101XM_02\DSC_2486.NEF
厦门,101XM_02,DSC_2494.NEF,8,-1,False,ok,0.9344,5.117,7.491,14.035,14.717,21.548,5.107,0.253,-0.195,5.0,4.0,226.0,252.0,3.225,17.195,0.828,3.839,1.5,8090b8b4a6ac8c48,,K:\data\photo\厦门\101XM_02\DSC_2494.NEF
厦门,101XM_02,DSC_2496.NEF,1,0,False,ok,0.8839,5.249,8.19,20.247,21.595,20.247,2.826,-4.365,0.716,6.0,4.0,225.0,248.0,21.649,74.69,1.476,6.016,1.5,b560e0bab2d2d298,,K:\data\photo\厦门\101XM_02\DSC_2496.NEF
厦门,102XM_03,DSC_2500.NEF,8,-1,False,ok,0.9733,9.847,13.584,23.566,24.93,59.842,7.932,-4.303,3.941,21.0,8.0,242.0,225.0,0.004,2.246,38.365,43.285,1.5,787c5cbc3cfc5cd8,,K:\data\photo\厦门\102XM_03\DSC_2500.NEF
厦门,102XM_03,DSC_2502.NEF,1,0,False,ok,0.9477,7.344,8.795,17.207,18.516,17.207,4.981,-4.095,3.514,33.0,10.0,245.0,233.0,0.001,0.74,18.398,29.91,1.5,8c9c9cdc706a4c49,,K:\data\photo\厦门\102XM_03\DSC_2502.NEF
厦门,102XM_03,DSC_2503.NEF,1,0,False,ok,0.941,7.73,9.17,17.604,18.635,17.604,4.882,-4.316,4.16,33.0,8.0,243.0,235.0,0.0,1.09,19.787,32.193,1.5,44dc9cdc3aaa6448,,K:\data\photo\厦门\102XM_03\DSC_2503.NEF
厦门,102XM_03,DSC_2505.NEF,1,0,False,ok,0.928,3.197,5.255,13.201,13.625,13.201,2.518,-1.645,1.083,14.0,4.0,233.0,249.0,0.313,2.298,0.131,0.774,1.5,65d163eba9a92564,,K:\data\photo\厦门\102XM_03\DSC_2505.NEF
厦门,102XM_03,DSC_2511.NEF,1,0,False,ok,0.9484,7.806,8.607,14.886,16.459,14.886,7.791,-0.06,-0.478,13.0,5.0,190.0,194.0,0.19,9.435,0.039,0.034,1.5,58547c6ceee0e6e5,,K:\data\photo\厦门\102XM_03\DSC_2511.NEF
厦门,102XM_03,DSC_2522.NEF,6,1,False,ok,0.9782,5.788,6.613,14.679,16.725,25.735,5.565,-1.245,0.993,16.0,5.0,210.0,216.0,0.061,2.074,0.004,0.051,1.5,2c35b5ba9a88496a,,K:\data\photo\厦门\102XM_03\DSC_2522.NEF
厦门,102XM_03,DSC_2526.NEF,1,0,False,ok,0.9856,9.137,10.632,18.456,22.022,18.456,-0.84,6.319,-6.546,11.0,5.0,176.0,198.0,0.49,25.706,0.003,0.176,1.5,86c0d0c0c6ba2a6e,,K:\data\photo\厦门\102XM_03\DSC_2526.NEF
厦门,102XM_03,DSC_2530.NEF,1,0,False,ok,0.9574,6.356,11.407,25.524,30.862,25.524,0.123,-6.093,1.805,18.0,7.0,253.0,255.0,0.582,16.0,8.745,15.932,1.5,eccc84916a62d786,,K:\data\photo\厦门\102XM_03\DSC_2530.NEF
厦门,102XM_03,DSC_2534.NEF,8,-1,False,ok,0.9443,5.614,10.49,29.548,34.288,45.772,-0.998,2.432,-4.961,30.0,18.0,253.0,255.0,0.002,6.579,7.74,18.102,1.5,ddbadab0f0d8d8d0,,K:\data\photo\厦门\102XM_03\DSC_2534.NEF
厦门,102XM_03,DSC_2535.NEF,8,-1,False,ok,0.9458,6.005,10.804,29.895,34.593,43.423,-0.752,2.662,-5.33,32.0,18.0,253.0,255.0,0.0,7.21,8.519,18.934,1.5,595a30f0f0b0b9b0,,K:\data\photo\厦门\102XM_03\DSC_2535.NEF
厦门,102XM_03,DSC_2547.NEF,1,0,False,ok,0.9638,5.69,9.185,22.746,25.798,22.746,-1.465,1.804,-5.194,42.0,23.0,252.0,254.0,0.002,2.25,4.44,10.474,1.5,2ce4d614b1a36ecf,,K:\data\photo\厦门\102XM_03\DSC_2547.NEF
厦门,102XM_03,DSC_2566.NEF,1,0,False,ok,0.9537,5.554,9.548,21.27,24.63,21.27,-2.831,0.696,-4.727,42.0,28.0,253.0,254.0,0.021,0.945,4.928,7.179,1.5,c8f28898e9f07247,,K:\data\photo\厦门\102XM_03\DSC_2566.NEF
厦门,102XM_03,DSC_2568.NEF,1,0,False,ok,0.9532,5.234,9.434,21.297,24.521,21.297,-2.458,0.605,-4.582,40.0,26.0,253.0,254.0,0.018,1.227,4.275,6.838,1.5,eaf489c8f970724f,,K:\data\photo\厦门\102XM_03\DSC_2568.NEF
厦门,102XM_03,DSC_2570.NEF,1,0,False,ok,0.9615,6.072,10.277,19.993,24.59,19.993,-4.456,0.216,-4.12,33.0,27.0,253.0,253.0,0.001,0.62,7.416,7.038,1.5,7434b2e0f0f2e3f3,,K:\data\photo\厦门\102XM_03\DSC_2570.NEF
厦门,102XM_03,DSC_2576.NEF,1,0,False,ok,0.95,3.274,4.901,10.263,10.859,10.263,0.796,-0.193,-3.17,48.0,35.0,253.0,255.0,0.013,0.027,47.284,56.436,1.5,8f94f97ec4e1e180,,K:\data\photo\厦门\102XM_03\DSC_2576.NEF
厦门,102XM_03,DSC_2577.NEF,1,0,False,ok,0.9859,3.354,6.275,13.513,15.672,13.513,1.569,-2.364,-1.788,19.0,10.0,252.0,254.0,0.016,0.07,1.572,4.826,1.5,61d558cce2627bb8,,K:\data\photo\厦门\102XM_03\DSC_2577.NEF
厦门,102XM_03,DSC_2579.NEF,8,-1,False,ok,0.9677,6.109,8.088,12.589,14.519,24.783,-4.026,-1.606,-4.305,17.0,8.0,252.0,249.0,0.058,0.883,0.782,1.256,1.5,acecec34366e6ee8,,K:\data\photo\厦门\102XM_03\DSC_2579.NEF
厦门,102XM_03,DSC_2587.NEF,1,0,False,ok,0.9909,3.894,6.582,10.23,12.25,10.23,1.785,-3.259,-1.165,9.0,5.0,251.0,246.0,3.39,6.555,0.66,0.77,1.5,b675f2e6e2ea9c98,,K:\data\photo\厦门\102XM_03\DSC_2587.NEF
厦门,102XM_03,DSC_2597.NEF,8,-1,False,ok,0.9816,3.922,7.952,13.325,15.099,38.377,-0.439,-1.529,-3.585,15.0,9.0,239.0,245.0,0.088,0.098,0.418,0.724,1.5,ccc6c6c6c1a6a3b2,,K:\data\photo\厦门\102XM_03\DSC_2597.NEF
厦门,102XM_03,DSC_2609.NEF,8,-1,False,ok,0.96,5.57,8.35,15.849,19.507,28.03,-2.72,-4.655,1.398,15.0,8.0,253.0,255.0,0.053,0.233,2.179,3.067,1.5,343264ca94b8b2a6,,K:\data\photo\厦门\102XM_03\DSC_2609.NEF
厦门,102XM_03,DSC_2620.NEF,8,-1,False,ok,0.8757,6.392,6.982,12.783,14.239,15.65,-4.887,-4.034,0.842,75.0,69.0,241.0,237.0,0.0,0.001,0.231,0.168,1.5,c2e3d1484422d1f0,,K:\data\photo\厦门\102XM_03\DSC_2620.NEF
厦门,102XM_03,DSC_2628.NEF,1,0,False,ok,0.9496,8.791,9.558,16.011,16.82,16.011,-3.301,-5.505,6.006,65.0,49.0,232.0,244.0,0.0,0.0,0.025,0.645,1.5,c093393170ece0e8,,K:\data\photo\厦门\102XM_03\DSC_2628.NEF
厦门,102XM_03,DSC_2630.NEF,8,-1,False,ok,0.9795,2.557,5.787,6.845,7.583,26.714,1.054,-2.111,0.987,43.0,88.0,253.0,247.0,0.0,0.0,47.331,0.68,1.5,ff7e7e7e7e7e7c7c,,K:\data\photo\厦门\102XM_03\DSC_2630.NEF
厦门,102XM_03,DSC_2633.NEF,8,-1,False,ok,0.994,6.436,7.155,8.322,9.07,28.381,-3.755,-3.039,4.253,14.0,7.0,172.0,189.0,0.018,0.228,0.0,0.0,1.5,9c9cac9c9c9c9cfc,,K:\data\photo\厦门\102XM_03\DSC_2633.NEF
厦门,102XM_03,DSC_2641.NEF,1,0,False,ok,0.974,4.5,6.767,9.53,10.734,9.53,-0.938,-1.923,3.959,22.0,11.0,234.0,222.0,0.001,0.047,0.048,0.015,1.5,c088888c9633649c,,K:\data\photo\厦门\102XM_03\DSC_2641.NEF
厦门,102XM_03,DSC_2642.NEF,1,0,False,ok,0.9684,6.806,8.242,8.942,9.275,8.942,-3.44,-2.636,5.248,108.0,120.0,237.0,246.0,0.0,0.0,0.066,8.646,1.5,c090e02988c84040,,K:\data\photo\厦门\102XM_03\DSC_2642.NEF
厦门,102XM_03,DSC_2654.NEF,8,-1,False,ok,0.9333,6.509,8.634,10.466,11.205,31.118,-1.066,-2.297,5.996,35.0,22.0,253.0,238.0,0.0,0.026,8.042,35.867,1.5,7879777bbe8ebe3c,,K:\data\photo\厦门\102XM_03\DSC_2654.NEF
厦门,102XM_03,DSC_2660.NEF,1,0,False,ok,0.9137,7.5,8.708,10.492,10.975,10.492,-3.876,-2.589,5.876,33.0,17.0,228.0,226.0,0.0,0.074,0.028,2.22,1.5,ca8cca86a68bdafa,,K:\data\photo\厦门\102XM_03\DSC_2660.NEF
厦门,102XM_03,DSC_2662.NEF,1,0,False,ok,0.9511,8.494,9.729,10.501,10.494,10.501,-4.914,-3.327,6.077,99.0,104.0,239.0,234.0,0.0,0.0,0.081,0.648,1.5,dccdd692d2569296,,K:\data\photo\厦门\102XM_03\DSC_2662.NEF
厦门,102XM_03,DSC_2664.NEF,1,0,False,ok,0.9352,8.97,10.377,11.125,11.12,11.125,-4.056,-3.323,7.278,104.0,104.0,252.0,237.0,0.0,0.0,1.357,2.361,1.5,f8dcdcde8e8aae8a,,K:\data\photo\厦门\102XM_03\DSC_2664.NEF
厦门,102XM_03,DSC_2665.NEF,8,-1,False,ok,0.9776,10.122,11.136,12.542,13.042,23.179,-2.946,-3.03,9.198,99.0,98.0,225.0,231.0,0.0,0.0,0.0,5.113,1.5,e2f2f48ce1f9bfeb,,K:\data\photo\厦门\102XM_03\DSC_2665.NEF
厦门,102XM_03,DSC_2676.NEF,8,-1,False,ok,0.9656,5.042,8.135,10.085,11.436,33.541,1.597,-1.417,4.568,30.0,20.0,253.0,243.0,0.01,0.028,31.727,13.617,1.5,bcfdfffc5c3fbe7e,,K:\data\photo\厦门\102XM_03\DSC_2676.NEF
厦门,102XM_03,DSC_2679.NEF,1,0,False,ok,0.9747,4.593,7.551,9.656,11.587,9.656,1.442,-2.349,3.674,19.0,8.0,253.0,248.0,0.011,0.128,16.826,1.923,1.5,acbc989cbe3c3cbc,,K:\data\photo\厦门\102XM_03\DSC_2679.NEF
厦门,102XM_03,DSC_2681.NEF,8,-1,False,ok,0.9821,5.983,9.103,11.57,13.277,46.728,0.042,-3.631,4.755,14.0,7.0,252.0,248.0,0.009,0.124,1.273,2.58,1.5,f333236b5a5e7efe,,K:\data\photo\厦门\102XM_03\DSC_2681.NEF
厦门,102XM_03,DSC_2684.NEF,8,-1,False,ok,0.9839,6.797,9.559,11.827,13.459,48.735,2.601,-3.351,5.311,14.0,8.0,252.0,253.0,0.007,0.036,14.414,2.463,1.5,ee26665624fcfcfc,,K:\data\photo\厦门\102XM_03\DSC_2684.NEF
厦门,102XM_03,DSC_2690.NEF,6,1,False,ok,0.9826,6.313,9.178,11.57,13.513,37.985,0.908,-3.911,4.871,21.0,12.0,253.0,255.0,0.005,0.066,7.233,4.783,1.5,c0808222a323b3d6,,K:\data\photo\厦门\102XM_03\DSC_2690.NEF
厦门,102XM_03,DSC_2694.NEF,1,0,False,ok,0.9844,5.351,8.212,10.734,12.521,10.734,0.987,-2.888,4.395,17.0,11.0,252.0,255.0,0.009,0.559,1.231,2.604,1.5,e0e8b8b8f8e8f8f8,,K:\data\photo\厦门\102XM_03\DSC_2694.NEF
厦门,102XM_03,DSC_2697.NEF,1,0,False,ok,0.9221,9.103,9.543,11.333,12.525,11.333,-7.757,-4.095,2.432,71.0,58.0,237.0,244.0,0.0,0.0,0.317,1.918,1.5,f0f0f0f0d2f0e0e0,,K:\data\photo\厦门\102XM_03\DSC_2697.NEF
厦门,102XM_03,DSC_2698.NEF,1,0,False,ok,0.9638,8.045,8.389,9.349,10.246,9.349,-6.045,-3.644,3.861,91.0,77.0,201.0,226.0,0.0,0.0,0.191,0.911,1.5,f4e8f8f0d2d1e0d0,,K:\data\photo\厦门\102XM_03\DSC_2698.NEF
厦门,102XM_03,DSC_2700.NEF,1,0,False,ok,0.9676,7.796,8.041,8.75,9.668,8.75,-6.004,-3.918,3.063,88.0,79.0,195.0,226.0,0.0,0.0,0.202,0.878,1.5,e0f0b8e5f2e0e0e0,,K:\data\photo\厦门\102XM_03\DSC_2700.NEF
厦门,102XM_03,DSC_2702.NEF,1,0,False,ok,0.9655,7.809,8.109,8.8,9.773,8.8,-5.983,-3.867,3.2,89.0,77.0,199.0,230.0,0.0,0.0,0.197,0.932,1.5,d0f09ce6f2e0e0e0,,K:\data\photo\厦门\102XM_03\DSC_2702.NEF
厦门,102XM_03,DSC_2708.NEF,8,-1,False,ok,0.9924,3.952,6.706,7.621,8.088,54.078,0.998,-2.621,2.784,11.0,10.0,253.0,236.0,0.074,0.028,18.45,18.511,1.5,fcdc8ebed6129e9c,,K:\data\photo\厦门\102XM_03\DSC_2708.NEF
厦门,102XM_03,DSC_2711.NEF,1,0,False,ok,0.9771,3.293,6.004,7.01,7.293,7.01,-0.061,-2.468,2.179,21.0,11.0,253.0,246.0,0.0,0.092,23.811,0.841,1.5,0000042426161317,,K:\data\photo\厦门\102XM_03\DSC_2711.NEF
厦门,102XM_03,DSC_2714.NEF,8,-1,False,ok,0.9743,4.662,7.393,9.209,9.841,42.835,1.032,-2.233,3.96,15.0,8.0,253.0,240.0,0.055,0.225,13.981,1.379,1.5,78fcf8f8f8fa7cfc,,K:\data\photo\厦门\102XM_03\DSC_2714.NEF
厦门,102XM_03,DSC_2720.NEF,1,0,False,ok,0.9721,9.904,10.142,10.253,13.587,10.253,-8.462,-4.184,2.997,94.0,119.0,181.0,192.0,0.0,0.0,0.0,0.001,1.5,f0e0f0f0e0d6e0f0,,K:\data\photo\厦门\102XM_03\DSC_2720.NEF
厦门,102XM_03,DSC_2722.NEF,1,0,False,ok,0.9862,7.825,8.177,8.344,9.56,8.344,-5.835,-3.664,3.709,103.0,119.0,190.0,201.0,0.0,0.0,0.0,0.0,1.5,f0e0e0e09370e0e0,,K:\data\photo\厦门\102XM_03\DSC_2722.NEF
厦门,102XM_03,DSC_2730.NEF,1,0,False,ok,0.9752,9.485,9.624,9.797,12.759,9.797,-8.245,-4.152,2.179,87.0,108.0,175.0,187.0,0.0,0.0,0.0,0.001,1.5,f0c0e0c0f0e0e0e0,,K:\data\photo\厦门\102XM_03\DSC_2730.NEF
厦门,102XM_03,DSC_2739.NEF,8,-1,False,ok,0.9961,2.77,4.743,6.505,7.482,40.546,1.292,-2.437,0.255,14.0,8.0,253.0,255.0,0.004,0.216,16.973,18.202,1.5,be3ebb333abe9632,,K:\data\photo\厦门\102XM_03\DSC_2739.NEF
厦门,102XM_03,DSC_2746.NEF,1,0,False,weak,0.8375,1.174,1.27,1.979,1.987,1.979,1.084,0.448,-0.057,3.0,0.0,29.0,11.0,87.643,99.815,0.0,0.026,1.5,0000000010154200,,K:\data\photo\厦门\102XM_03\DSC_2746.NEF
厦门,103XM_04,DSC_2751.NEF,8,-1,False,ok,0.9292,3.914,8.187,9.675,10.922,22.267,-0.676,-1.954,3.323,29.0,12.0,252.0,245.0,0.0,0.059,22.347,0.342,1.5,9898b83898b8b8b8,,K:\data\photo\厦门\103XM_04\DSC_2751.NEF
厦门,103XM_04,DSC_2756.NEF,1,0,False,ok,0.9621,4.714,7.737,9.485,10.419,9.485,-0.675,-2.976,3.593,44.0,20.0,253.0,239.0,0.0,0.01,21.817,16.352,1.5,fcf8e0e9cccecb9c,,K:\data\photo\厦门\103XM_04\DSC_2756.NEF
厦门,103XM_04,DSC_2758.NEF,8,-1,False,ok,0.9765,9.461,10.274,12.741,14.769,28.051,-5.139,-7.451,-2.753,25.0,21.0,231.0,226.0,0.004,0.072,0.755,4.429,1.5,fcd07153daccd8f2,,K:\data\photo\厦门\103XM_04\DSC_2758.NEF
厦门,103XM_04,DSC_2763.NEF,6,1,False,ok,0.9819,2.255,6.027,8.174,9.652,41.141,1.757,-1.389,0.263,18.0,10.0,253.0,239.0,0.01,0.102,24.623,0.02,1.5,8384849291909898,,K:\data\photo\厦门\103XM_04\DSC_2763.NEF
厦门,103XM_04,DSC_2776.NEF,1,0,False,ok,0.9637,2.998,6.474,7.026,7.252,7.026,-0.324,-1.622,2.501,28.0,16.0,253.0,252.0,0.0,0.018,43.259,30.406,1.5,800800c0860406c0,,K:\data\photo\厦门\103XM_04\DSC_2776.NEF
厦门,103XM_04,DSC_2779.NEF,1,0,False,ok,0.9632,3.088,6.601,7.123,7.359,7.123,-0.456,-1.732,2.516,28.0,15.0,253.0,252.0,0.0,0.015,42.24,28.943,1.5,80080004068404c4,,K:\data\photo\厦门\103XM_04\DSC_2779.NEF
厦门,103XM_04,DSC_2782.NEF,1,0,False,ok,0.9568,6.622,8.85,10.353,11.338,10.353,-1.971,-4.077,4.832,60.0,34.0,235.0,221.0,0.0,0.029,0.034,0.192,1.5,f8fc74e4169ec2e0,,K:\data\photo\厦门\103XM_04\DSC_2782.NEF
厦门,103XM_04,DSC_2787.NEF,1,0,False,ok,0.9449,8.025,9.935,11.572,12.849,11.572,-5.257,-4.424,4.147,32.0,14.0,214.0,216.0,0.0,0.072,0.044,0.048,1.5,f0f0e2e3c89c9ce0,,K:\data\photo\厦门\103XM_04\DSC_2787.NEF
厦门,103XM_04,DSC_2790.NEF,1,0,False,ok,0.9575,6.29,8.745,10.229,11.202,10.229,-1.407,-3.494,5.037,63.0,35.0,240.0,223.0,0.0,0.023,0.022,0.305,1.5,f0f87874ec9f9ee6,,K:\data\photo\厦门\103XM_04\DSC_2790.NEF
厦门,103XM_04,DSC_2793.NEF,1,0,False,ok,0.9645,6.721,9.626,13.683,16.464,13.683,-3.17,-5.32,2.612,23.0,10.0,247.0,236.0,0.03,0.155,0.47,9.791,1.5,5076c59898183436,,K:\data\photo\厦门\103XM_04\DSC_2793.NEF
厦门,103XM_04,DSC_2801.NEF,1,0,False,ok,0.8912,9.842,10.037,10.186,11.443,10.186,-8.657,-4.163,2.143,96.0,128.0,185.0,203.0,0.0,0.004,0.0,0.0,1.5,f0e4d0ac44e0e0e0,,K:\data\photo\厦门\103XM_04\DSC_2801.NEF
厦门,103XM_04,DSC_2809.NEF,8,-1,False,ok,0.978,5.096,9.11,10.522,10.565,47.692,0.494,-3.975,3.149,39.0,23.0,252.0,229.0,0.004,0.272,9.603,15.779,1.5,fafebe2e3e3c3cbc,,K:\data\photo\厦门\103XM_04\DSC_2809.NEF
厦门,103XM_04,DSC_2816.NEF,8,-1,False,ok,0.9662,6.766,8.973,11.816,13.542,32.74,-3.508,-4.873,3.118,32.0,16.0,250.0,231.0,0.004,0.426,0.713,0.295,1.5,f5e7e5ebececfcfc,,K:\data\photo\厦门\103XM_04\DSC_2816.NEF
厦门,103XM_04,DSC_2818.NEF,8,-1,False,ok,0.9751,6.024,8.751,11.414,12.635,39.965,-0.542,-4.995,3.324,46.0,21.0,245.0,231.0,0.002,0.184,2.488,17.212,1.5,fcec766e6e7e3c6e,,K:\data\photo\厦门\103XM_04\DSC_2818.NEF
厦门,103XM_04,DSC_2825.NEF,1,0,False,ok,0.9639,7.165,10.146,11.299,12.001,11.299,-0.362,-4.342,5.688,23.0,11.0,252.0,230.0,0.011,0.189,15.287,29.019,1.5,f8f83c3e7e6cf8e8,,K:\data\photo\厦门\103XM_04\DSC_2825.NEF
厦门,103XM_04,DSC_2827.NEF,1,0,False,ok,0.9673,5.518,8.688,9.99,10.96,9.99,-0.518,-3.301,4.391,24.84,11.0,253.0,233.0,0.029,0.211,16.851,13.755,1.5,f8fcfc7875dcf4f0,,K:\data\photo\厦门\103XM_04\DSC_2827.NEF
厦门,103XM_04,DSC_2829.NEF,1,0,False,ok,0.9604,5.733,8.794,9.988,10.65,9.988,-2.708,-3.933,3.173,30.0,16.0,251.0,231.0,0.005,0.116,6.584,9.878,1.5,f8fcfc3fbcb8dcd4,,K:\data\photo\厦门\103XM_04\DSC_2829.NEF
厦门,103XM_04,DSC_2833.NEF,1,0,False,ok,0.9776,3.222,6.583,8.078,9.108,8.078,2.167,-1.605,1.764,21.0,9.0,253.0,233.0,0.0,0.134,24.244,0.012,1.5,9080808cccc4464c,,K:\data\photo\厦门\103XM_04\DSC_2833.NEF
厦门,103XM_04,DSC_2839.NEF,1,0,False,ok,0.986,3.734,7.22,8.911,10.717,8.911,1.729,-3.307,-0.117,14.0,10.0,253.0,230.0,0.11,0.019,11.062,0.0,1.5,e6cb8f8fc7818322,,K:\data\photo\厦门\103XM_04\DSC_2839.NEF
厦门,103XM_04,DSC_2841.NEF,1,0,False,ok,0.9871,3.851,6.462,7.543,8.405,7.543,2.829,-2.437,0.943,17.0,11.0,253.0,233.0,0.032,0.006,24.691,0.001,1.5,8686c6c783235341,,K:\data\photo\厦门\103XM_04\DSC_2841.NEF
厦门,103XM_04,DSC_2845.NEF,6,1,False,ok,0.9634,3.399,8.099,14.292,16.965,36.596,-2.889,-1.788,-0.122,23.0,13.0,253.0,241.0,0.0,0.271,3.36,4.462,1.5,30dac6dad0c6f8bc,,K:\data\photo\厦门\103XM_04\DSC_2845.NEF
厦门,103XM_04,DSC_2849.NEF,6,1,False,ok,0.9643,3.241,8.563,13.103,15.433,38.101,-2.918,-1.12,-0.857,39.0,23.0,253.0,243.0,0.0,0.189,5.693,7.867,1.5,99d868685365795c,,K:\data\photo\厦门\103XM_04\DSC_2849.NEF
厦门,103XM_04,DSC_2854.NEF,8,-1,False,ok,0.9823,4.01,7.495,9.308,10.598,47.632,2.629,-1.808,2.429,15.0,9.0,253.0,240.0,0.012,0.091,17.916,14.529,1.5,fbfb3fd7dfdf3f7b,,K:\data\photo\厦门\103XM_04\DSC_2854.NEF
厦门,103XM_04,DSC_2867.NEF,1,0,False,ok,0.9638,3.478,6.973,13.35,15.981,13.35,-2.393,-2.512,-0.244,31.0,18.0,251.0,244.0,0.001,0.052,0.792,1.223,1.5,406464f1d8880586,,K:\data\photo\厦门\103XM_04\DSC_2867.NEF
厦门,103XM_04,DSC_2872.NEF,1,0,False,ok,0.9581,4.856,9.551,16.49,18.982,16.49,-2.222,-0.133,-4.315,24.0,16.0,253.0,248.0,0.027,0.031,6.055,5.751,1.5,88d4d6d4f1eab2d2,,K:\data\photo\厦门\103XM_04\DSC_2872.NEF
厦门,103XM_04,DSC_2878.NEF,1,0,False,ok,0.9668,5.61,9.615,16.419,18.439,16.419,-3.282,-0.467,-4.526,25.0,16.0,252.0,246.0,0.006,0.125,1.255,1.206,1.5,f8e2aaead2c664d6,,K:\data\photo\厦门\103XM_04\DSC_2878.NEF
厦门,103XM_04,DSC_2885.NEF,6,1,False,ok,0.9761,3.293,8.996,13.941,16.471,47.585,-2.437,-0.638,-2.121,40.0,25.0,253.0,250.0,0.006,0.019,3.955,2.847,1.5,3eb2b399fbdedada,,K:\data\photo\厦门\103XM_04\DSC_2885.NEF
厦门,103XM_04,DSC_2902.NEF,6,1,False,ok,0.9455,5.53,8.326,14.642,16.497,31.231,-4.753,-2.795,0.417,29.0,17.0,245.0,235.0,0.001,0.219,0.183,0.059,1.5,6464a4aceec6cac8,,K:\data\photo\厦门\103XM_04\DSC_2902.NEF
厦门,103XM_04,DSC_2903.NEF,6,1,False,ok,0.9429,4.933,7.838,13.796,15.572,29.541,-4.324,-2.373,0.084,28.0,15.0,242.0,232.0,0.001,0.142,0.114,0.027,1.5,6e6464ac6acecac8,,K:\data\photo\厦门\103XM_04\DSC_2903.NEF
厦门,103XM_04,DSC_2904.NEF,6,1,False,ok,0.954,4.495,7.978,13.754,15.78,28.937,-3.89,-2.214,-0.419,28.0,15.0,241.0,233.0,0.001,0.551,0.114,0.035,1.5,dc5cdccc564aca88,,K:\data\photo\厦门\103XM_04\DSC_2904.NEF
厦门,103XM_04,DSC_2908.NEF,8,-1,False,ok,0.9878,3.876,7.44,10.341,12.019,30.943,-1.471,-3.517,-0.7,19.0,8.0,221.0,225.0,0.001,2.979,0.129,0.273,1.5,f3b9a1859cb878d8,,K:\data\photo\厦门\103XM_04\DSC_2908.NEF
厦门,103XM_04,DSC_2926.NEF,1,0,False,ok,0.9269,3.046,9.655,16.691,16.74,16.691,1.959,-1.373,1.885,34.0,17.0,253.0,253.0,0.307,1.135,28.236,48.945,1.5,e0f03a4470f3cccc,,K:\data\photo\厦门\103XM_04\DSC_2926.NEF
厦门,103XM_04,DSC_2934.NEF,1,0,False,ok,0.9839,3.005,7.009,10.383,11.378,10.383,1.294,-2.686,-0.377,24.0,15.0,253.0,250.0,0.01,0.054,17.788,21.595,1.5,26031b5fcfc79a36,,K:\data\photo\厦门\103XM_04\DSC_2934.NEF
厦门,103XM_04,DSC_2936.NEF,1,0,False,ok,0.9476,4.024,9.526,13.739,14.334,13.739,2.429,-1.682,2.733,23.0,14.0,253.0,250.0,0.011,0.041,38.949,45.645,1.5,808003032f26e6d2,,K:\data\photo\厦门\103XM_04\DSC_2936.NEF
厦门,103XM_04,DSC_2940.NEF,1,0,False,ok,0.9844,3.823,7.625,15.105,18.015,15.105,1.013,-2.542,-2.669,18.0,10.0,252.0,251.0,0.03,0.16,3.162,5.268,1.5,39292b1bb9af74c8,,K:\data\photo\厦门\103XM_04\DSC_2940.NEF
厦门,103XM_04,DSC_2944.NEF,8,-1,False,ok,0.9813,4.436,9.865,15.889,18.003,38.083,3.348,-2.544,1.416,22.0,13.0,252.0,246.0,0.018,0.059,28.591,29.892,1.5,1e4e0e1e1e461e0e,,K:\data\photo\厦门\103XM_04\DSC_2944.NEF
厦门,103XM_04,DSC_2955.NEF,8,-1,False,ok,0.9685,4.634,8.76,16.059,18.367,36.814,2.508,-3.355,1.981,28.0,7.0,252.0,253.0,0.036,2.194,17.392,32.98,1.5,86c6868797d7969e,,K:\data\photo\厦门\103XM_04\DSC_2955.NEF
厦门,103XM_04,DSC_2959.NEF,8,-1,False,ok,0.9525,4.466,6.959,16.011,18.864,26.044,-2.817,-3.315,1.006,14.0,6.0,242.0,237.0,0.162,1.072,0.394,6.163,1.5,d4caf2505478f070,,K:\data\photo\厦门\103XM_04\DSC_2959.NEF
厦门,103XM_04,DSC_2960.NEF,8,-1,False,ok,0.9603,5.382,7.638,15.438,18.473,26.428,-3.673,-3.688,1.368,10.0,5.0,235.0,229.0,0.767,1.698,0.191,3.826,1.5,e2f2f070707450f0,,K:\data\photo\厦门\103XM_04\DSC_2960.NEF
厦门,103XM_04,DSC_2971.NEF,1,0,False,ok,0.9672,8.927,10.958,13.251,14.295,13.251,-3.63,-3.864,7.182,51.0,27.0,190.0,205.0,0.0,0.322,0.001,0.168,1.5,c0c0c0e0c087a6a4,,K:\data\photo\厦门\103XM_04\DSC_2971.NEF
厦门,103XM_04,DSC_2974.NEF,8,-1,False,ok,0.9824,6.341,8.238,9.867,10.809,36.593,3.595,-2.807,4.405,27.0,18.0,253.0,238.0,0.021,0.014,18.225,0.916,1.5,706c66e3d2327351,,K:\data\photo\厦门\103XM_04\DSC_2974.NEF
厦门,103XM_04,DSC_2983.NEF,1,0,False,ok,0.973,5.59,7.111,7.938,8.436,7.938,1.373,-3.044,4.482,30.0,19.0,253.0,233.0,0.008,0.015,7.63,0.159,1.5,a4adad9797e8e87a,,K:\data\photo\厦门\103XM_04\DSC_2983.NEF
厦门,103XM_04,DSC_2985.NEF,8,-1,False,ok,0.9869,6.626,8.09,9.614,10.232,42.718,3.39,-3.146,4.745,24.0,13.0,253.0,241.0,0.01,0.123,21.307,3.938,1.5,94f24262b0b1d151,,K:\data\photo\厦门\103XM_04\DSC_2985.NEF
厦门,103XM_04,DSC_2988.NEF,8,-1,False,ok,0.9867,7.337,8.74,10.356,10.971,44.481,3.655,-3.594,5.249,24.0,16.0,253.0,240.0,0.062,0.051,24.282,3.576,1.5,d2e2733194d1a0b1,,K:\data\photo\厦门\103XM_04\DSC_2988.NEF
厦门,103XM_04,DSC_2991.NEF,8,-1,False,ok,0.9761,5.937,7.997,8.825,9.178,38.642,3.519,-2.777,3.893,28.0,18.0,253.0,229.0,0.199,0.012,7.192,0.003,1.5,c7c6d0e1d593c0dc,,K:\data\photo\厦门\103XM_04\DSC_2991.NEF
厦门,103XM_04,DSC_2994.NEF,8,-1,False,ok,0.9804,6.305,7.604,8.371,8.876,34.198,4.148,-2.492,4.041,27.0,13.0,253.0,232.0,0.002,0.002,10.785,0.031,1.5,30b890f0c073d6a0,,K:\data\photo\厦门\103XM_04\DSC_2994.NEF
厦门,103XM_04,DSC_2997.NEF,8,-1,False,ok,0.9827,5.376,6.76,7.216,7.454,28.165,0.076,-3.17,4.341,25.0,12.0,251.0,228.0,0.007,0.149,1.405,0.008,1.5,c84612b33592c6c0,,K:\data\photo\厦门\103XM_04\DSC_2997.NEF
厦门,103XM_04,DSC_2998.NEF,8,-1,False,ok,0.9849,5.44,6.81,7.215,7.416,30.084,0.798,-3.126,4.38,26.0,12.0,252.0,229.0,0.004,0.069,1.506,0.035,1.5,c84612113192ccc0,,K:\data\photo\厦门\103XM_04\DSC_2998.NEF
厦门,103XM_04,DSC_2999.NEF,8,-1,False,ok,0.9867,5.42,6.754,7.2,7.432,34.145,1.047,-3.067,4.344,25.0,12.0,248.0,227.0,0.004,0.105,1.268,0.014,1.5,984682139592c6c2,,K:\data\photo\厦门\103XM_04\DSC_2999.NEF
厦门,103XM_04,DSC_3000.NEF,8,-1,False,ok,0.9855,5.291,6.542,7.024,7.271,35.272,0.552,-3.023,4.308,26.0,12.0,245.0,225.0,0.003,0.091,1.126,0.013,1.5,9844c2939180c2c2,,K:\data\photo\厦门\103XM_04\DSC_3000.NEF
厦门,103XM_04,DSC_3007.NEF,8,-1,False,ok,0.9796,5.772,7.473,8.249,8.549,44.82,1.679,-2.969,4.656,29.0,14.0,252.0,232.0,0.001,0.066,9.916,1.079,1.5,c0c1c9c1c9a7a364,,K:\data\photo\厦门\103XM_04\DSC_3007.NEF
厦门,103XM_04,DSC_3009.NEF,8,-1,False,ok,0.9807,5.775,7.075,7.615,7.963,34.841,1.929,-2.843,4.642,35.0,16.0,253.0,236.0,0.0,0.005,4.835,0.469,1.5,884c44c6c6c41898,,K:\data\photo\厦门\103XM_04\DSC_3009.NEF
西安,raw,DSC_6015.NEF,1,0,False,ok,0.9859,10.743,11.906,14.593,16.198,14.593,-7.665,3.277,-6.777,11.0,13.0,172.0,182.0,0.378,0.167,0.005,0.0,1.5,6440f2d0b6e6f9e9,,K:\data\photo\西安\20260912_qlysdwy\raw\DSC_6015.NEF
西安,raw,DSC_6017.NEF,1,0,False,ok,0.9854,8.401,9.819,13.407,14.992,13.407,-4.631,3.082,-6.295,9.0,9.0,172.0,181.0,1.064,1.202,0.004,0.0,1.5,d2e3706cfedcedf8,,K:\data\photo\西安\20260912_qlysdwy\raw\DSC_6017.NEF
西安,raw,DSC_6029.NEF,1,0,False,ok,0.9753,3.418,6.182,8.885,9.426,8.885,-2.81,-1.945,-0.039,14.0,17.0,252.0,220.0,0.018,0.016,1.742,0.257,1.5,a16062626615d5f4,,K:\data\photo\西安\20260912_qlysdwy\raw\DSC_6029.NEF
西安,raw,DSC_6040.NEF,1,0,False,ok,0.9778,2.521,6.935,14.17,17.8,14.17,0.375,-2.402,-0.667,22.0,28.0,253.0,255.0,0.001,0.001,14.76,8.406,1.5,ad1588cbab9d1f1f,,K:\data\photo\西安\20260912_qlysdwy\raw\DSC_6040.NEF
西安,raw,DSC_6048.NEF,8,-1,False,ok,0.9797,2.475,6.022,12.849,16.013,38.187,0.28,-2.431,-0.375,24.0,30.0,253.0,255.0,0.01,0.001,11.993,9.574,1.5,9a983c46c6cecbc9,,K:\data\photo\西安\20260912_qlysdwy\raw\DSC_6048.NEF
西安,raw,DSC_6050.NEF,8,-1,False,ok,0.9796,2.37,5.908,12.59,15.582,35.044,-0.059,-2.299,-0.572,26.0,37.0,253.0,255.0,0.01,0.0,17.269,15.585,1.5,8a911c0e46c6cbce,,K:\data\photo\西安\20260912_qlysdwy\raw\DSC_6050.NEF
西安,raw,DSC_6058.NEF,8,-1,False,ok,0.9794,3.04,6.524,12.21,14.845,33.71,-0.994,-2.859,0.278,21.0,28.0,253.0,255.0,0.0,0.0,10.991,6.164,1.5,e5c89d9f95e3e7f3,,K:\data\photo\西安\20260912_qlysdwy\raw\DSC_6058.NEF
西安,raw,DSC_6060.NEF,8,-1,False,ok,0.9771,3.153,6.7,12.527,15.326,33.731,-0.949,-2.992,0.296,21.0,28.0,253.0,255.0,0.0,0.001,10.893,5.571,1.5,b5cc9d9f95a3e7f3,,K:\data\photo\西安\20260912_qlysdwy\raw\DSC_6060.NEF
西安,raw,DSC_6063.NEF,8,-1,False,ok,0.9799,3.118,7.36,11.132,13.325,31.419,-2.041,-2.243,0.729,20.0,25.0,253.0,238.0,0.008,0.0,11.888,0.21,1.5,686c5c30944e44c4,,K:\data\photo\西安\20260912_qlysdwy\raw\DSC_6063.NEF
西安,raw,DSC_6073.NEF,8,-1,False,ok,0.9661,6.409,8.536,14.093,17.285,30.919,-5.043,-3.895,-0.691,10.0,13.0,238.0,215.0,0.254,0.061,0.392,0.074,1.5,5b5e49292f97b2b4,,K:\data\photo\西安\20260912_qlysdwy\raw\DSC_6073.NEF
西安,raw,DSC_6077.NEF,8,-1,False,ok,0.9468,4.21,9.636,19.272,22.834,39.334,0.503,-4.139,0.581,19.0,23.0,253.0,255.0,0.005,0.01,19.61,3.005,1.5,8b9ba58b8e9796e1,,K:\data\photo\西安\20260912_qlysdwy\raw\DSC_6077.NEF
西安,raw,DSC_6079.NEF,8,-1,False,ok,0.957,4.13,8.609,18.795,23.227,39.483,-3.17,-1.576,-2.126,16.0,18.0,253.0,253.0,0.042,0.054,4.734,1.487,1.5,cccc8c8ea64e4961,,K:\data\photo\西安\20260912_qlysdwy\raw\DSC_6079.NEF
西安,raw,DSC_6086.NEF,8,-1,False,ok,0.9644,2.248,9.331,17.776,21.056,36.833,1.206,-1.295,1.386,23.0,32.0,253.0,255.0,0.0,0.0,22.719,3.807,1.5,8c8d1351316056c5,,K:\data\photo\西安\20260912_qlysdwy\raw\DSC_6086.NEF
西安,raw,DSC_6092.NEF,8,-1,False,ok,0.9647,4.799,8.12,14.415,17.626,30.648,-3.185,-3.536,-0.621,18.0,22.0,253.0,251.0,0.018,0.009,5.322,1.616,1.5,a9707959c9c80986,,K:\data\photo\西安\20260912_qlysdwy\raw\DSC_6092.NEF
西安,raw,DSC_6099.NEF,1,0,False,ok,0.9674,7.51,9.843,14.071,16.954,14.071,-6.252,-3.878,1.507,20.0,28.0,222.0,204.0,0.411,0.084,0.061,0.008,1.5,936593a292928121,,K:\data\photo\西安\20260912_qlysdwy\raw\DSC_6099.NEF
西安,raw,DSC_6104.NEF,6,1,False,ok,0.9723,5.651,8.851,15.767,18.746,32.286,3.844,-3.936,1.289,36.0,42.0,253.0,255.0,0.0,0.002,29.456,8.367,1.5,0ca1213133bd8d8c,,K:\data\photo\西安\20260912_qlysdwy\raw\DSC_6104.NEF
西安,raw,DSC_6106.NEF,6,1,False,ok,0.976,3.722,8.222,13.036,15.81,30.33,-2.043,-3.106,0.176,16.0,18.0,243.0,210.0,0.082,0.023,7.386,0.154,1.5,62e4e679d9d9f1e1,,K:\data\photo\西安\20260912_qlysdwy\raw\DSC_6106.NEF
西安,raw,DSC_6114.NEF,6,1,False,ok,0.9836,2.595,7.606,13.892,17.262,32.682,-0.38,-2.546,-0.329,27.0,33.0,253.0,252.0,0.0,0.001,14.267,7.606,1.5,594dc5531a3a3b7a,,K:\data\photo\西安\20260912_qlysdwy\raw\DSC_6114.NEF
西安,raw,DSC_6115.NEF,6,1,False,ok,0.9874,2.942,7.315,12.496,14.949,36.192,0.767,-2.837,-0.118,25.0,33.0,253.0,255.0,0.0,0.001,17.452,6.979,1.5,7b1b134af6771776,,K:\data\photo\西安\20260912_qlysdwy\raw\DSC_6115.NEF
西安,raw,DSC_6118.NEF,6,1,False,ok,0.953,4.483,7.187,12.455,13.105,37.562,-1.816,-4.093,0.232,22.0,26.0,253.0,255.0,0.01,0.009,7.887,5.017,1.5,1100bc54742c2cb4,,K:\data\photo\西安\20260912_qlysdwy\raw\DSC_6118.NEF
西安,raw,DSC_6127.NEF,6,1,False,ok,0.9719,2.791,6.217,9.773,10.45,31.974,-0.174,-2.766,0.333,33.0,37.0,253.0,255.0,0.0,0.0,9.929,5.515,1.5,e45438398d91caab,,K:\data\photo\西安\20260912_qlysdwy\raw\DSC_6127.NEF
西安,raw,DSC_6130.NEF,1,0,False,ok,0.9637,8.532,10.394,12.958,14.664,12.958,-7.215,-4.54,-0.344,35.0,43.0,178.0,191.0,0.013,0.004,0.0,0.0,1.5,0bdb93a181203a14,,K:\data\photo\西安\20260912_qlysdwy\raw\DSC_6130.NEF
西安,raw,DSC_6131.NEF,1,0,False,ok,0.9766,7.373,8.942,11.937,13.918,11.937,-6.404,-3.646,-0.216,12.0,16.0,189.0,190.0,0.905,0.118,0.003,0.0,1.5,dc8ed23170723878,,K:\data\photo\西安\20260912_qlysdwy\raw\DSC_6131.NEF
西安,raw,DSC_6132.NEF,8,-1,False,ok,0.9856,7.312,8.887,11.468,13.311,32.526,-6.591,-3.166,0.028,10.0,11.0,161.0,176.0,0.228,0.5,0.002,0.0,1.5,9ee6edf7befce4ec,,K:\data\photo\西安\20260912_qlysdwy\raw\DSC_6132.NEF
西安,raw,DSC_6137.NEF,8,-1,False,ok,0.9772,5.26,7.187,11.619,13.761,31.155,-4.816,-1.8,1.11,16.0,21.0,252.0,229.0,0.206,0.008,1.382,0.114,1.5,c4c2e6a4b584cd8d,,K:\data\photo\西安\20260912_qlysdwy\raw\DSC_6137.NEF
西安,raw,DSC_6139.NEF,1,0,False,ok,0.9654,3.847,6.213,11.106,12.691,11.106,-3.156,-1.533,-1.578,12.0,13.0,252.0,216.0,0.194,0.103,1.097,0.0,1.5,f0f8fd94160f1724,,K:\data\photo\西安\20260912_qlysdwy\raw\DSC_6139.NEF
西安,raw,DSC_6140.NEF,1,0,False,ok,0.9669,4.639,6.6,10.941,12.541,10.941,-4.085,-1.481,-1.624,15.0,16.0,247.0,212.0,0.18,0.131,0.474,0.0,1.5,c8f8fcd4961f0731,,K:\data\photo\西安\20260912_qlysdwy\raw\DSC_6140.NEF
西安,raw,DSC_6149.NEF,6,1,False,ok,0.9832,1.408,7.692,13.604,15.791,40.487,1.389,-0.15,0.174,37.0,45.0,253.0,247.0,0.0,0.001,13.783,0.88,1.5,d6dedcfcce6e9ed7,,K:\data\photo\西安\20260912_qlysdwy\raw\DSC_6149.NEF
西安,raw,DSC_6152.NEF,6,1,False,ok,0.9639,3.321,5.812,9.503,10.087,30.049,-2.716,-1.721,0.832,12.0,15.0,253.0,228.0,0.247,0.078,2.375,0.49,1.5,d8d8d8d494d28284,,K:\data\photo\西安\20260912_qlysdwy\raw\DSC_6152.NEF
西安,raw,DSC_6155.NEF,6,1,False,ok,0.9767,5.42,7.019,11.516,13.765,23.934,-4.808,-2.449,-0.516,8.0,10.0,219.0,193.0,0.921,0.473,0.063,0.044,1.5,ccc2f2f2b185a1c8,,K:\data\photo\西安\20260912_qlysdwy\raw\DSC_6155.NEF
西安,raw,DSC_6163.NEF,6,1,False,ok,0.9817,4.976,6.51,10.655,12.802,25.372,-4.498,-2.088,-0.406,7.0,10.0,194.0,184.0,1.145,0.652,0.003,0.026,1.5,aecec9fbf3c2c4c4,,K:\data\photo\西安\20260912_qlysdwy\raw\DSC_6163.NEF
西安,raw,DSC_6167.NEF,6,1,False,ok,0.9731,2.75,6.685,14.05,16.477,33.951,-2.355,-1.368,-0.377,16.0,23.0,253.0,232.0,0.049,0.003,3.319,0.392,1.5,66ce766b3b636160,,K:\data\photo\西安\20260912_qlysdwy\raw\DSC_6167.NEF
西安,raw,DSC_6172.NEF,8,-1,False,ok,0.9763,4.832,6.871,12.933,15.265,28.213,-4.391,-1.634,-1.18,11.0,12.0,236.0,212.0,0.505,0.243,0.235,0.105,1.5,327263438114b8bb,,K:\data\photo\西安\20260912_qlysdwy\raw\DSC_6172.NEF
西安,raw,DSC_6181.NEF,8,-1,False,ok,0.9722,3.337,6.123,9.586,10.145,40.585,-1.84,-2.741,-0.487,17.0,19.0,253.0,255.0,0.035,0.031,8.216,6.925,1.5,d0657773d3efe7f7,,K:\data\photo\西安\20260912_qlysdwy\raw\DSC_6181.NEF
西安,raw,DSC_6187.NEF,8,-1,False,ok,0.9724,3.257,5.912,9.435,9.983,41.053,-1.716,-2.737,-0.412,18.0,19.0,253.0,255.0,0.029,0.033,8.179,7.052,1.5,d8677773d3efe7e5,,K:\data\photo\西安\20260912_qlysdwy\raw\DSC_6187.NEF
西安,raw,DSC_6189.NEF,8,-1,False,ok,0.9723,3.159,5.732,9.219,9.864,40.548,-1.576,-2.73,-0.209,16.0,19.0,253.0,255.0,0.054,0.037,7.73,6.876,1.5,dce7f7f3a3efe7e7,,K:\data\photo\西安\20260912_qlysdwy\raw\DSC_6189.NEF
西安,raw,DSC_6196.NEF,8,-1,False,ok,0.9592,7.525,10.184,18.489,22.455,33.392,-6.172,-0.058,-4.305,12.0,15.0,243.0,222.0,0.321,0.257,0.338,0.527,1.5,4e4a462e1e16565a,,K:\data\photo\西安\20260912_qlysdwy\raw\DSC_6196.NEF
西安,raw,DSC_6197.NEF,8,-1,False,ok,0.9574,7.002,9.848,18.398,22.398,33.584,-5.634,-0.131,-4.156,13.0,16.0,244.0,223.0,0.275,0.228,0.378,0.565,1.5,4e4a462e1e16565a,,K:\data\photo\西安\20260912_qlysdwy\raw\DSC_6197.NEF
西安,raw,DSC_6200.NEF,1,0,False,ok,0.9525,7.627,11.728,16.702,19.885,16.702,-7.057,-1.615,-2.401,15.0,15.0,245.0,221.0,0.111,0.002,0.45,1.892,1.5,64f0c1c8c8f26604,,K:\data\photo\西安\20260912_qlysdwy\raw\DSC_6200.NEF
西安,raw,DSC_6216.NEF,8,-1,False,ok,0.9672,6.394,11.327,15.222,16.407,36.838,-4.716,-0.604,-4.276,23.0,28.0,251.0,222.0,0.004,0.004,0.994,0.058,1.5,c7c3cb8bc0808084,,K:\data\photo\西安\20260912_qlysdwy\raw\DSC_6216.NEF
西安,raw,DSC_6226.NEF,1,0,False,ok,0.9798,8.41,10.135,14.969,17.04,14.969,-6.662,-4.539,-2.398,27.0,42.0,253.0,250.0,0.002,0.0,2.978,1.428,1.5,c6424e5565f5f1e1,,K:\data\photo\西安\20260912_qlysdwy\raw\DSC_6226.NEF
西安,raw,DSC_6229.NEF,1,0,False,ok,0.9839,4.881,6.624,10.703,12.557,10.703,-2.893,-3.332,-2.086,18.0,24.0,251.0,218.0,0.072,0.0,0.785,0.329,1.5,46c6446d65f5f1e5,,K:\data\photo\西安\20260912_qlysdwy\raw\DSC_6229.NEF
西安,raw,DSC_6233.NEF,1,0,False,ok,0.9576,6.977,9.101,12.693,13.073,12.693,-5.061,-4.552,-1.533,24.0,30.0,253.0,255.0,0.001,0.0,5.778,5.033,1.5,484c4a6662ebfcc0,,K:\data\photo\西安\20260912_qlysdwy\raw\DSC_6233.NEF
西安,raw,DSC_6236.NEF,8,-1,False,ok,0.9928,6.677,8.236,9.859,10.03,41.789,-5.255,-3.61,-1.984,22.0,25.0,253.0,255.0,0.018,0.0,18.472,19.454,1.5,3f3f37372b373f3f,,K:\data\photo\西安\20260912_qlysdwy\raw\DSC_6236.NEF
西安,raw,DSC_6238.NEF,8,-1,False,ok,0.9967,3.572,4.716,6.71,6.942,53.523,-2.182,-2.082,-1.915,29.0,31.0,253.0,255.0,0.0,0.0,30.985,31.296,1.5,6e6e4f6f566e7e7f,,K:\data\photo\西安\20260912_qlysdwy\raw\DSC_6238.NEF
西安,raw,DSC_6245.NEF,8,-1,False,ok,0.9954,5.574,6.938,8.676,8.831,44.482,-3.761,-3.677,-1.845,29.0,32.0,253.0,255.0,0.0,0.0,22.711,23.031,1.5,3f3e2f372b671e2f,,K:\data\photo\西安\20260912_qlysdwy\raw\DSC_6245.NEF
西安,raw,DSC_6247.NEF,8,-1,False,ok,0.9436,5.328,11.065,17.476,18.855,36.44,-2.786,-0.458,-4.518,43.0,55.0,253.0,253.0,0.0,0.0,5.105,3.624,1.5,cdcb868ecec7c7cd,,K:\data\photo\西安\20260912_qlysdwy\raw\DSC_6247.NEF
西安,raw,DSC_6249.NEF,8,-1,False,ok,0.9843,4.674,8.115,13.359,14.768,39.788,-3.081,-3.265,-1.3,19.0,25.0,253.0,255.0,0.014,0.0,15.746,13.316,1.5,0f0f0e8ede9debee,,K:\data\photo\西安\20260912_qlysdwy\raw\DSC_6249.NEF
西安,raw,DSC_6256.NEF,1,0,False,ok,0.9697,6.019,9.183,16.701,19.416,16.701,-5.073,-1.709,-2.753,18.0,23.0,252.0,249.0,0.001,0.001,1.486,1.397,1.5,6eeccca0c8cb88fc,,K:\data\photo\西安\20260912_qlysdwy\raw\DSC_6256.NEF
西安,raw,DSC_6262.NEF,1,0,False,ok,0.977,7.248,12.28,20.327,24.798,20.327,-1.999,-5.808,3.847,28.0,31.0,246.0,238.0,16.985,0.626,7.823,7.234,1.5,48c8dbe2c348c319,,K:\data\photo\西安\20260912_qlysdwy\raw\DSC_6262.NEF
西安,raw,DSC_6264.NEF,8,-1,False,ok,0.9678,9.289,13.72,21.176,25.113,44.466,-6.204,-5.981,3.467,20.0,23.0,250.0,235.0,18.093,2.388,0.994,0.601,1.5,0d2813465a432222,,K:\data\photo\西安\20260912_qlysdwy\raw\DSC_6264.NEF
西安,raw,DSC_6265.NEF,8,-1,False,ok,0.973,8.755,13.463,22.325,27.115,48.209,-2.741,-6.899,4.641,32.0,40.0,252.0,255.0,14.955,0.248,8.837,7.64,1.5,0a13462a43533222,,K:\data\photo\西安\20260912_qlysdwy\raw\DSC_6265.NEF
西安,raw,DSC_6269.NEF,8,-1,False,ok,0.9632,8.969,13.061,21.531,25.317,43.692,-5.64,-5.922,3.681,19.0,23.0,252.0,246.0,15.934,3.145,1.048,0.916,1.5,0a36462e46032246,,K:\data\photo\西安\20260912_qlysdwy\raw\DSC_6269.NEF
西安,raw,DSC_6272.NEF,8,-1,False,ok,0.9667,8.434,12.945,20.837,24.544,44.834,-5.505,-5.603,3.07,19.0,23.0,252.0,247.0,13.501,2.735,1.235,1.001,1.5,0b12066607432222,,K:\data\photo\西安\20260912_qlysdwy\raw\DSC_6272.NEF
西安,raw,DSC_6278.NEF,1,0,False,ok,0.9668,10.236,14.729,22.815,26.953,22.815,-5.799,-6.336,5.568,20.0,25.0,251.0,254.0,23.286,2.906,1.843,6.552,1.5,6569a9a1e8f0519c,,K:\data\photo\西安\20260912_qlysdwy\raw\DSC_6278.NEF
西安,raw,DSC_6282.NEF,8,-1,False,ok,0.9703,11.152,16.264,22.238,26.889,51.188,-6.504,-7.313,5.347,24.0,28.0,228.0,204.0,22.796,4.029,0.746,0.366,1.5,5d31814d4d494850,,K:\data\photo\西安\20260912_qlysdwy\raw\DSC_6282.NEF
西安,raw,DSC_6285.NEF,8,-1,False,ok,0.9736,10.768,15.89,22.361,26.082,51.856,-6.239,-7.67,4.264,24.0,31.0,228.0,202.0,27.564,6.541,0.967,0.197,1.5,3191457989481030,,K:\data\photo\西安\20260912_qlysdwy\raw\DSC_6285.NEF
西安,raw,DSC_6288.NEF,8,-1,False,ok,0.9696,10.649,11.503,15.376,17.354,31.886,-10.303,-2.669,-0.364,14.0,20.0,225.0,216.0,0.042,0.009,0.074,0.015,1.5,5c42e2a48264d4d4,,K:\data\photo\西安\20260912_qlysdwy\raw\DSC_6288.NEF
西安,raw,DSC_6290.NEF,8,-1,False,ok,0.9695,10.691,11.569,15.419,17.389,31.836,-10.335,-2.708,-0.372,14.0,20.0,224.0,216.0,0.035,0.008,0.071,0.015,1.5,5c4240e08264d4d4,,K:\data\photo\西安\20260912_qlysdwy\raw\DSC_6290.NEF
西安,raw,DSC_6297.NEF,8,-1,False,ok,0.9765,7.963,9.398,12.18,13.782,29.387,-7.866,-0.893,-0.862,12.0,17.0,161.0,173.0,0.9,0.037,0.0,0.001,1.5,4fafb7bd3594c0ea,,K:\data\photo\西安\20260912_qlysdwy\raw\DSC_6297.NEF
西安,raw,DSC_6302.NEF,8,-1,False,ok,0.9802,10.308,12.231,14.954,17.178,38.019,-9.851,-1.784,-2.453,11.0,16.0,159.0,171.0,2.97,2.939,0.0,0.001,1.5,7e4f5f9f9d95d4c2,,K:\data\photo\西安\20260912_qlysdwy\raw\DSC_6302.NEF
西安,raw,DSC_6303.NEF,8,-1,False,ok,0.9774,9.736,11.511,14.406,16.013,34.677,-9.638,-0.85,-1.087,12.0,19.0,184.0,189.0,1.236,0.117,0.0,0.002,1.5,f7da1b2b3b2948e8,,K:\data\photo\西安\20260912_qlysdwy\raw\DSC_6303.NEF
西安,raw,DSC_6304.NEF,8,-1,False,ok,0.9777,9.812,11.583,14.544,16.12,35.891,-9.701,-0.879,-1.177,12.0,19.0,184.0,189.0,1.557,0.185,0.0,0.002,1.5,f7fe5b2b3b2948e8,,K:\data\photo\西安\20260912_qlysdwy\raw\DSC_6304.NEF
西安,raw,DSC_6308.NEF,8,-1,False,ok,0.9759,10.191,12.067,15.291,17.116,40.792,-9.982,-0.818,-1.883,13.0,22.0,197.0,197.0,2.042,0.316,0.0,0.002,1.5,def7de3e3a2b4af0,,K:\data\photo\西安\20260912_qlysdwy\raw\DSC_6308.NEF
西安,raw,DSC_6319.NEF,1,0,False,ok,0.953,8.544,9.695,16.487,19.213,16.487,-8.027,-2.916,-0.255,11.0,17.0,250.0,228.0,1.879,0.022,0.634,0.009,1.5,9396aeaf1becf2fc,,K:\data\photo\西安\20260912_qlysdwy\raw\DSC_6319.NEF
西安,raw,DSC_6335.NEF,1,0,False,ok,0.9863,2.335,6.493,11.535,14.047,11.535,-0.194,-2.316,0.226,18.0,23.0,253.0,255.0,0.106,0.0,18.578,16.65,1.5,7060682488986aec,,K:\data\photo\西安\20260912_qlysdwy\raw\DSC_6335.NEF
西安,raw,DSC_6339.NEF,1,0,False,ok,0.9625,2.501,7.013,11.591,11.672,11.591,-0.659,-2.385,-0.363,12.0,12.0,253.0,255.0,0.603,0.052,15.292,11.505,1.5,e0f00042939373d1,,K:\data\photo\西安\20260912_qlysdwy\raw\DSC_6339.NEF
西安,raw,DSC_6343.NEF,1,0,False,ok,0.952,2.478,6.844,12.081,12.315,12.081,0.387,-2.297,-0.847,19.0,23.0,253.0,255.0,0.066,0.011,16.086,12.477,1.5,fcb5e4515cd6d3d1,,K:\data\photo\西安\20260912_qlysdwy\raw\DSC_6343.NEF
西安,raw,DSC_6345.NEF,1,0,False,ok,0.9504,2.615,6.861,12.209,12.399,12.209,0.246,-2.567,-0.434,18.0,22.0,253.0,255.0,0.087,0.008,13.776,10.133,1.5,ecfde45858d6d3d0,,K:\data\photo\西安\20260912_qlysdwy\raw\DSC_6345.NEF
西安,raw,DSC_6346.NEF,1,0,False,ok,0.9499,2.77,6.906,12.316,12.492,12.316,0.087,-2.766,-0.119,17.0,22.0,253.0,255.0,0.122,0.01,11.561,7.669,1.5,ecf4eed0d8d2d1d8,,K:\data\photo\西安\20260912_qlysdwy\raw\DSC_6346.NEF
西安,raw,DSC_6348.NEF,1,0,False,ok,0.9473,2.824,6.951,12.419,12.553,12.419,0.307,-2.805,-0.105,19.0,25.0,253.0,255.0,0.051,0.008,12.574,7.697,1.5,fcf4f6e558d2d1d8,,K:\data\photo\西安\20260912_qlysdwy\raw\DSC_6348.NEF
西安,raw,DSC_6350.NEF,1,0,False,ok,0.9472,2.849,6.857,12.393,12.569,12.393,0.158,-2.843,-0.088,18.0,21.0,253.0,255.0,0.113,0.012,11.639,7.177,1.5,fc7476c558d2d1d0,,K:\data\photo\西安\20260912_qlysdwy\raw\DSC_6350.NEF
西安,raw,DSC_6352.NEF,1,0,False,ok,0.9493,2.83,6.964,12.244,12.443,12.244,-0.183,-2.824,-0.031,16.0,19.0,253.0,255.0,0.174,0.021,10.005,5.988,1.5,fcf074595cd3d1d8,,K:\data\photo\西安\20260912_qlysdwy\raw\DSC_6352.NEF
西安,raw,DSC_6353.NEF,1,0,False,ok,0.9711,2.422,7.531,13.967,17.003,13.967,-0.706,-2.294,0.327,21.0,32.0,253.0,245.0,0.0,0.009,6.001,1.26,1.5,c9898b8b99983030,,K:\data\photo\西安\20260912_qlysdwy\raw\DSC_6353.NEF
西安,raw,DSC_6355.NEF,1,0,False,ok,0.9672,5.758,9.076,14.863,18.032,14.863,-2.494,-4.501,2.583,22.0,30.0,253.0,231.0,0.101,0.007,1.689,0.029,1.5,c4a7868a949c94b0,,K:\data\photo\西安\20260912_qlysdwy\raw\DSC_6355.NEF
西安,raw,DSC_6357.NEF,1,0,False,ok,0.9716,5.631,8.915,14.35,17.31,14.35,-2.951,-4.263,2.197,24.0,31.0,253.0,230.0,0.037,0.001,2.061,0.048,1.5,c48597928e8c88b8,,K:\data\photo\西安\20260912_qlysdwy\raw\DSC_6357.NEF
西安,raw,DSC_6366.NEF,1,0,False,ok,0.9827,2.879,7.32,13.912,17.336,13.912,-0.114,-2.841,-0.454,24.0,27.0,253.0,230.0,0.074,0.014,12.308,0.029,1.5,3a2713133727223b,,K:\data\photo\西安\20260912_qlysdwy\raw\DSC_6366.NEF
西安,raw,DSC_6367.NEF,1,0,False,ok,0.9796,2.704,7.537,13.886,17.194,13.886,-0.962,-2.499,-0.369,23.0,29.0,253.0,225.0,0.108,0.054,13.191,0.018,1.5,f636129313139318,,K:\data\photo\西安\20260912_qlysdwy\raw\DSC_6367.NEF
西安,raw,DSC_6374.NEF,1,0,False,ok,0.9911,0.782,5.509,9.188,10.773,9.188,-0.191,-0.341,-0.677,5.0,5.0,238.0,209.0,4.408,4.237,0.076,0.0,1.5,a644666ab8b93c1c,,K:\data\photo\西安\20260912_qlysdwy\raw\DSC_6374.NEF
西安,raw,DSC_6382.NEF,1,0,False,ok,0.9816,6.058,9.365,12.75,14.811,12.75,-3.961,-4.07,2.108,19.0,22.0,252.0,223.0,0.528,0.49,0.668,0.0,1.5,1d1b1b181d1d180c,,K:\data\photo\西安\20260912_qlysdwy\raw\DSC_6382.NEF
西安,raw,DSC_6384.NEF,1,0,False,ok,0.9592,5.802,7.333,14.043,15.698,14.043,-5.535,-1.021,1.41,21.0,29.0,213.0,206.0,0.006,0.0,0.069,0.024,1.5,bad08ad857cbc0e1,,K:\data\photo\西安\20260912_qlysdwy\raw\DSC_6384.NEF
西安,raw,DSC_6388.NEF,1,0,False,ok,0.9611,4.026,6.627,14.187,15.866,14.187,-3.579,-0.782,1.667,28.0,38.0,242.0,213.0,0.0,0.0,0.305,0.038,1.5,dce1d57d47eaf1e0,,K:\data\photo\西安\20260912_qlysdwy\raw\DSC_6388.NEF
西安,raw,DSC_6390.NEF,1,0,False,ok,0.975,5.752,6.887,11.9,12.991,11.9,-5.746,-0.178,-0.191,19.0,24.0,213.0,205.0,0.013,0.0,0.005,0.0,1.5,b8b8d88c9278f810,,K:\data\photo\西安\20260912_qlysdwy\raw\DSC_6390.NEF
西安,raw,DSC_6395.NEF,1,0,False,ok,0.9694,5.869,7.135,13.337,14.289,13.337,-5.84,-0.021,-0.576,21.0,25.0,212.0,212.0,0.005,0.002,0.025,0.005,1.5,f0e8d09890d8f8e4,,K:\data\photo\西安\20260912_qlysdwy\raw\DSC_6395.NEF
西安,raw,DSC_6418.NEF,1,0,False,ok,0.9767,5.585,6.708,11.531,12.913,11.531,-5.353,0.286,1.569,23.0,28.0,198.0,199.0,0.009,0.0,0.007,0.001,1.5,d8d962e2ccc8c0e0,,K:\data\photo\西安\20260912_qlysdwy\raw\DSC_6418.NEF
西安,raw,DSC_6419.NEF,1,0,False,ok,0.9753,5.649,6.573,12.078,13.392,12.078,-5.366,0.114,1.76,21.0,28.0,208.0,197.0,0.015,0.0,0.037,0.001,1.5,d8fbe2f2cce8c0e0,,K:\data\photo\西安\20260912_qlysdwy\raw\DSC_6419.NEF
西安,raw,DSC_6425.NEF,1,0,False,ok,0.9665,3.569,7.505,13.732,15.219,13.732,-3.21,1.129,-1.08,26.0,32.0,253.0,227.0,0.0,0.0,4.998,0.19,1.5,f1e0ea54c0b6f4c0,,K:\data\photo\西安\20260912_qlysdwy\raw\DSC_6425.NEF
西安,raw,DSC_6428.NEF,1,0,False,ok,0.9684,4.197,7.956,12.473,13.518,12.473,-4.049,0.009,-1.105,15.0,17.0,234.0,201.0,0.122,0.007,0.011,0.0,1.5,c9e6f850e074c0e0,,K:\data\photo\西安\20260912_qlysdwy\raw\DSC_6428.NEF
西安,raw,DSC_6437.NEF,1,0,False,ok,0.9673,8.531,10.033,14.183,16.293,14.183,-7.309,-4.072,1.664,16.0,19.0,188.0,187.0,0.078,0.031,0.018,0.065,1.5,b21170b492b07038,,K:\data\photo\西安\20260912_qlysdwy\raw\DSC_6437.NEF
西安,raw,DSC_6443.NEF,1,0,False,ok,0.9793,7.119,7.866,9.551,11.293,9.551,-6.212,-2.555,2.358,47.0,59.0,220.0,200.0,0.0,0.0,0.023,0.0,1.5,c088984604f2e8f8,,K:\data\photo\西安\20260912_qlysdwy\raw\DSC_6443.NEF
西安,raw,DSC_6447.NEF,1,0,False,ok,0.9702,2.35,6.083,11.528,13.443,11.528,-0.373,-1.583,1.696,45.0,57.0,253.0,255.0,0.0,0.0,12.595,6.312,1.5,e6aaab6bccc891e0,,K:\data\photo\西安\20260912_qlysdwy\raw\DSC_6447.NEF
西安,raw,DSC_6454.NEF,1,0,False,ok,0.9506,7.16,7.857,10.486,11.976,10.486,-6.223,-3.332,1.203,38.0,52.0,200.0,198.0,0.0,0.0,0.066,0.048,1.5,e4e4f4b38e9e1caa,,K:\data\photo\西安\20260912_qlysdwy\raw\DSC_6454.NEF
西安,raw,DSC_6476.NEF,8,-1,False,ok,0.9728,4.283,8.063,13.861,17.429,30.538,-2.577,0.955,3.285,16.0,16.0,253.0,246.0,0.242,0.002,2.283,2.028,1.5,cef814544a1ab9f8,,K:\data\photo\西安\20260912_qlysdwy\raw\DSC_6476.NEF
西安,raw,DSC_6490.NEF,1,0,False,ok,0.9743,3.691,8.951,14.351,16.351,14.351,-1.343,-0.325,-3.423,12.0,17.0,253.0,217.0,0.033,0.1,2.935,0.025,1.5,f2da9a01ec61aee8,,K:\data\photo\西安\20260912_qlysdwy\raw\DSC_6490.NEF
西安,raw,DSC_6491.NEF,1,0,False,ok,0.9705,7.438,11.029,16.578,18.784,16.578,-5.406,0.542,-5.08,10.0,17.0,253.0,220.0,0.144,0.027,1.837,0.027,1.5,e2d2d0e800e457a6,,K:\data\photo\西安\20260912_qlysdwy\raw\DSC_6491.NEF
西安,raw,DSC_6492.NEF,1,0,False,ok,0.9707,7.406,10.918,16.403,18.589,16.403,-5.441,0.526,-4.996,10.0,16.0,252.0,218.0,0.172,0.04,1.284,0.02,1.5,e2f2d0e800e457a6,,K:\data\photo\西安\20260912_qlysdwy\raw\DSC_6492.NEF
西安,raw,DSC_6494.NEF,1,0,False,ok,0.9767,5.395,10.038,14.639,17.311,14.639,-2.886,0.469,-4.534,16.0,22.0,253.0,229.0,0.048,0.105,5.936,0.0,1.5,dc98fabaddcac459,,K:\data\photo\西安\20260912_qlysdwy\raw\DSC_6494.NEF
西安,raw,DSC_6496.NEF,1,0,False,ok,0.9745,5.287,8.711,14.392,16.791,14.392,-3.613,-3.088,-2.316,16.0,24.0,253.0,241.0,0.051,0.003,4.746,0.711,1.5,78785080e0c243b7,,K:\data\photo\西安\20260912_qlysdwy\raw\DSC_6496.NEF
西安,raw,DSC_6498.NEF,1,0,False,ok,0.9717,2.656,9.213,15.508,17.9,15.508,0.213,-1.96,-1.78,14.0,21.0,253.0,218.0,0.05,0.0,9.795,0.039,1.5,abefe4facecce1f1,,K:\data\photo\西安\20260912_qlysdwy\raw\DSC_6498.NEF
西安,raw,DSC_6503.NEF,1,0,False,ok,0.98,2.007,7.859,12.577,14.212,12.577,1.019,-1.374,-1.048,16.0,21.0,252.0,212.0,0.02,0.0,1.357,0.038,1.5,e65ddccecc8ce8e0,,K:\data\photo\西安\20260912_qlysdwy\raw\DSC_6503.NEF
西安,raw,DSC_6504.NEF,1,0,False,ok,0.9798,2.095,8.05,12.776,14.431,12.776,1.215,-1.345,-1.051,17.0,22.0,253.0,213.0,0.017,0.0,2.221,0.047,1.5,e67ddccec89ce8e0,,K:\data\photo\西安\20260912_qlysdwy\raw\DSC_6504.NEF
西安,raw,DSC_6513.NEF,1,0,False,ok,0.9838,4.375,9.135,16.45,18.673,16.45,3.818,-1.772,-1.194,21.0,23.0,253.0,241.0,0.007,0.0,31.452,0.221,1.5,c849d39ecccc9b87,,K:\data\photo\西安\20260912_qlysdwy\raw\DSC_6513.NEF
西安,raw,DSC_6516.NEF,1,0,False,ok,0.9912,5.194,8.926,14.042,15.904,14.042,4.881,-1.569,-0.833,19.0,21.0,253.0,237.0,0.014,0.049,24.824,0.111,1.5,a2a2b9c98f8ac7d8,,K:\data\photo\西安\20260912_qlysdwy\raw\DSC_6516.NEF
西安,raw,DSC_6526.NEF,8,-1,False,ok,0.941,3.793,7.242,14.325,15.568,40.948,-1.664,-3.329,-0.734,17.0,21.0,253.0,251.0,0.012,0.012,11.533,1.795,1.5,cfc7d07fac7cfcfc,,K:\data\photo\西安\20260912_qlysdwy\raw\DSC_6526.NEF
西安,raw,DSC_6532.NEF,8,-1,False,ok,0.9522,2.663,6.661,12.594,13.124,41.57,0.094,-2.651,-0.233,20.0,24.0,253.0,255.0,0.0,0.001,17.229,8.13,1.5,8de7b56fedb9f939,,K:\data\photo\西安\20260912_qlysdwy\raw\DSC_6532.NEF
西安,raw,DSC_6536.NEF,8,-1,False,ok,0.9491,3.071,7.122,13.015,13.87,40.212,-0.939,-2.874,-0.538,16.0,18.0,253.0,252.0,0.012,0.01,13.447,2.188,1.5,8de7b0bf6cf8bcfc,,K:\data\photo\西安\20260912_qlysdwy\raw\DSC_6536.NEF
西安,raw,DSC_6537.NEF,1,0,False,ok,0.9539,6.153,7.153,9.739,11.968,9.739,-4.737,-3.186,2.293,46.0,58.0,196.0,188.0,0.0,0.0,0.0,0.007,1.5,c8cc8286949a8d8e,,K:\data\photo\西安\20260912_qlysdwy\raw\DSC_6537.NEF
西安,raw,DSC_6538.NEF,1,0,False,ok,0.9526,6.171,7.211,9.625,11.923,9.625,-4.89,-3.037,2.226,48.0,61.0,194.0,187.0,0.0,0.0,0.001,0.006,1.5,c0ce8282949a8d8f,,K:\data\photo\西安\20260912_qlysdwy\raw\DSC_6538.NEF
西安,raw,DSC_6542.NEF,8,-1,False,ok,0.9493,1.795,5.917,10.336,10.554,36.118,-0.594,-1.671,0.276,25.0,32.0,253.0,255.0,0.0,0.0,20.317,14.934,1.5,d6dfcecf67cb8bef,,K:\data\photo\西安\20260912_qlysdwy\raw\DSC_6542.NEF
西安,raw,DSC_6548.NEF,8,-1,False,ok,0.9782,6.179,8.823,12.544,14.567,27.939,-5.626,-1.448,-2.104,22.0,28.0,229.0,203.0,0.029,0.001,0.117,0.039,1.5,8387b50323330d0a,,K:\data\photo\西安\20260912_qlysdwy\raw\DSC_6548.NEF
西安,raw,DSC_6552.NEF,8,-1,False,ok,0.9839,5.848,8.194,11.203,12.765,29.685,-5.093,-2.106,-1.958,11.0,15.0,227.0,205.0,0.131,0.063,0.163,0.023,1.5,e0e084c4e8a88891,,K:\data\photo\西安\20260912_qlysdwy\raw\DSC_6552.NEF
西安,raw,DSC_6558.NEF,8,-1,False,ok,0.9819,6.048,8.56,12.156,14.269,28.387,-5.006,-3.133,-1.305,21.0,24.0,204.0,187.0,0.011,0.006,0.005,0.014,1.5,92b0823830d050d0,,K:\data\photo\西安\20260912_qlysdwy\raw\DSC_6558.NEF
西安,raw,DSC_6560.NEF,1,0,False,ok,0.9372,8.701,10.893,17.339,18.622,17.339,-8.007,1.041,-3.242,26.0,34.0,211.0,217.0,0.0,0.0,0.062,0.341,1.5,d0e0e8a493d4f0e8,,K:\data\photo\西安\20260912_qlysdwy\raw\DSC_6560.NEF
西安,raw,DSC_6563.NEF,1,0,False,ok,0.9405,7.42,9.885,16.837,18.241,16.837,-6.986,0.502,-2.449,30.0,37.0,217.0,218.0,0.0,0.0,0.066,0.262,1.5,74f0fc9280f4e86a,,K:\data\photo\西安\20260912_qlysdwy\raw\DSC_6563.NEF
西安,raw,DSC_6569.NEF,1,0,False,ok,0.9357,6.883,8.775,15.707,16.704,15.707,-6.621,-0.433,-1.831,24.0,30.0,203.0,203.0,0.0,0.001,0.053,0.066,1.5,e8f6c6a6e550f0e0,,K:\data\photo\西安\20260912_qlysdwy\raw\DSC_6569.NEF
西安,raw,DSC_6572.NEF,1,0,False,ok,0.9382,6.651,8.529,15.383,16.41,15.383,-6.39,-0.35,-1.811,22.0,27.0,197.0,200.0,0.0,0.002,0.047,0.059,1.5,e8b4c6e6e458e8e8,,K:\data\photo\西安\20260912_qlysdwy\raw\DSC_6572.NEF
西安,raw,DSC_6574.NEF,1,0,False,ok,0.9341,6.367,8.37,15.471,16.808,15.471,-6.08,-0.298,-1.865,23.0,27.0,196.0,199.0,0.001,0.001,0.047,0.065,1.5,e8e4cee6e468e8ea,,K:\data\photo\西安\20260912_qlysdwy\raw\DSC_6574.NEF
西安,raw,DSC_6595.NEF,6,1,False,ok,0.964,7.56,9.184,13.977,15.684,23.179,-6.836,-2.263,-2.303,20.0,24.0,195.0,191.0,0.101,0.008,0.006,0.0,1.5,dccaea29eae9f839,,K:\data\photo\西安\20260912_qlysdwy\raw\DSC_6595.NEF
西安,raw,DSC_6605.NEF,6,1,False,ok,0.9804,4.747,7.299,10.505,12.194,29.657,0.084,-4.728,0.418,33.0,39.0,253.0,226.0,0.003,0.002,4.693,0.199,1.5,8080809fca8eca29,,K:\data\photo\西安\20260912_qlysdwy\raw\DSC_6605.NEF
西安,raw,DSC_6609.NEF,6,1,False,ok,0.9272,5.921,7.806,10.827,11.708,27.982,-3.989,-4.374,0.078,24.0,38.0,252.0,217.0,0.005,0.003,0.935,0.043,1.5,8080c0c74eedd2b7,,K:\data\photo\西安\20260912_qlysdwy\raw\DSC_6609.NEF
西安,raw,DSC_6618.NEF,1,0,False,ok,0.9711,5.352,7.027,10.85,12.479,10.85,-2.355,2.803,-3.904,7.0,7.0,223.0,194.0,1.951,1.363,0.246,0.0,1.5,d1f5e0d0e0e0f0a2,,K:\data\photo\西安\20260912_qlysdwy\raw\DSC_6618.NEF
西安,raw,DSC_6623.NEF,1,0,False,ok,0.9736,5.052,6.447,9.778,11.142,9.778,-1.853,2.456,-4.007,5.0,6.0,180.0,174.0,4.622,4.462,0.063,0.0,1.5,f171f0d0f0f0f4f4,,K:\data\photo\西安\20260912_qlysdwy\raw\DSC_6623.NEF
西安,raw,DSC_6628.NEF,1,0,False,ok,0.9751,5.628,6.979,11.009,12.807,11.009,-2.353,2.695,-4.345,6.0,7.0,201.0,183.0,2.036,2.211,0.071,0.0,1.5,71f0e0f0f0f0f4f4,,K:\data\photo\西安\20260912_qlysdwy\raw\DSC_6628.NEF
